Dex;Name;Type 1;Type 2;Ability 1;Ability 2;Hidden Ability;HP;Atk;Def;SpA;SpD;Spe
1;Bulbasaur;Grass;Poison;Overgrow;;Chlorophyll;45;49;49;65;65;45
2;Ivysaur;Grass;Poison;Overgrow;;Chlorophyll;60;62;63;80;80;60
3;Venusaur;Grass;Poison;Overgrow;;Chlorophyll;80;82;83;100;100;80
3m;Mega Venusaur;Grass;Poison;Thick Fat;;;80;100;123;122;120;80
4;Charmander;Fire;;Blaze;;Solar Power;39;52;43;60;50;65
5;Charmeleon;Fire;;Blaze;;Solar Power;58;64;58;80;65;80
6;Charizard;Fire;Flying;Blaze;;Solar Power;78;84;78;109;85;100
6x;Mega Charizard X;Fire;Dragon;Tough Claws;;;78;130;111;130;85;100
6y;Mega Charizard Y;Fire;Flying;Drought;;;78;104;78;159;115;100
7;Squirtle;Water;;Torrent;;Rain Dish;44;48;65;50;64;43
8;Wartortle;Water;;Torrent;;Rain Dish;59;63;80;65;80;58
9;Blastoise;Water;;Torrent;;Rain Dish;79;83;100;85;105;78
9m;Mega Blastoise;Water;;Mega Launcher;;;79;103;120;135;115;78
10;Caterpie;Bug;;Shield Dust;;Run Away;45;30;35;20;20;45
11;Metapod;Bug;;Shed Skin;;;50;20;55;25;25;30
12;Butterfree;Bug;Flying;Compound Eyes;;Tinted Lens;60;45;50;90;80;70
13;Weedle;Bug;Poison;Shield Dust;;Run Away;40;35;30;20;20;50
14;Kakuna;Bug;Poison;Shed Skin;;;45;25;50;25;25;35
15;Beedrill;Bug;Poison;Swarm;;Sniper;65;90;40;45;80;75
15m;Mega Beedrill;Bug;Poison;Adaptability;;;65;150;40;15;80;145
16;Pidgey;Normal;Flying;Keen Eye;Tangled Feet;Big Pecks;40;45;40;35;35;56
17;Pidgeotto;Normal;Flying;Keen Eye;Tangled Feet;Big Pecks;63;60;55;50;50;71
18;Pidgeot;Normal;Flying;Keen Eye;Tangled Feet;Big Pecks;83;80;75;70;70;101
18m;Mega Pidgeot;Normal;Flying;No Guard;;;83;80;80;135;80;121
19;Rattata;Normal;;Run Away;Guts;Hustle;30;56;35;25;35;72
19a;Alolan Rattata;Dark;Normal;Gluttony;Hustle;Thick Fat;30;56;35;25;35;72
20;Raticate;Normal;;Run Away;Guts;Hustle;55;81;60;50;70;97
20a;Alolan Raticate;Dark;Normal;Gluttony;Hustle;Thick Fat;75;71;70;40;80;77
21;Spearow;Normal;Flying;Keen Eye;;Sniper;40;60;30;31;31;70
22;Fearow;Normal;Flying;Keen Eye;;Sniper;65;90;65;61;61;100
23;Ekans;Poison;;Intimidate;Shed Skin;Unnerve;35;60;44;40;54;55
24;Arbok;Poison;;Intimidate;Shed Skin;Unnerve;60;95;69;65;79;80
25;Pikachu;Electric;;Static;;Lightning Rod;35;55;40;50;50;90
26;Raichu;Electric;;Static;;Lightning Rod;60;90;55;90;80;110
26a;Alolan Raichu;Electric;Psychic;Surge Surfer;;;60;85;50;95;85;110
26x;Mega Raichu X;Electric;;Electric Surge;;;60;135;95;90;95;110
26y;Mega Raichu Y;Electric;;No Guard;;;60;100;55;160;80;130
27;Sandshrew;Ground;;Sand Veil;;Sand Rush;50;75;85;20;30;40
27a;Alolan Sandshrew;Ice;Steel;Snow Cloak;;Slush Rush;50;75;90;10;35;40
28;Sandslash;Ground;;Sand Veil;;Sand Rush;75;100;110;45;55;65
28a;Alolan Sandslash;Ice;Steel;Snow Cloak;;Slush Rush;75;100;120;25;65;65
29;Nidoran ♀;Poison;;Poison Point;Rivalry;Hustle;55;47;52;40;40;41
30;Nidorina;Poison;;Poison Point;Rivalry;Hustle;70;62;67;55;55;56
31;Nidoqueen;Poison;Ground;Poison Point;Rivalry;Sheer Force;90;92;87;75;85;76
32;Nidoran ♂;Poison;;Poison Point;Rivalry;Hustle;46;57;40;40;40;50
33;Nidorino;Poison;;Poison Point;Rivalry;Hustle;61;72;57;55;55;65
34;Nidoking;Poison;Ground;Poison Point;Rivalry;Sheer Force;81;102;77;85;75;85
35;Clefairy;Fairy;;Cute Charm;Magic Guard;Friend Guard;70;45;48;60;65;35
36;Clefable;Fairy;;Cute Charm;Magic Guard;Unaware;95;70;73;95;90;60
36m;Mega Clefable;Fairy;Flying;Magic Bounce;;;95;80;93;135;110;70
37;Vulpix;Fire;;Flash Fire;;Drought;38;41;40;50;65;65
37a;Alolan Vulpix;Ice;;Snow Cloak;;Snow Warning;38;41;40;50;65;65
38;Ninetales;Fire;;Flash Fire;;Drought;73;76;75;81;100;100
38a;Alolan Ninetales;Ice;Fairy;Snow Cloak;;Snow Warning;73;67;75;81;100;109
39;Jigglypuff;Normal;Fairy;Cute Charm;Competitive;Friend Guard;115;45;20;45;25;20
40;Wigglytuff;Normal;Fairy;Cute Charm;Competitive;Frisk;140;70;45;85;50;45
41;Zubat;Poison;Flying;Inner Focus;;Infiltrator;40;45;35;30;40;55
42;Golbat;Poison;Flying;Inner Focus;;Infiltrator;75;80;70;65;75;90
43;Oddish;Grass;Poison;Chlorophyll;;Run Away;45;50;55;75;65;30
44;Gloom;Grass;Poison;Chlorophyll;;Stench;60;65;70;85;75;40
45;Vileplume;Grass;Poison;Chlorophyll;;Effect Spore;75;80;85;110;90;50
46;Paras;Bug;Grass;Effect Spore;Dry Skin;Damp;35;70;55;45;55;25
47;Parasect;Bug;Grass;Effect Spore;Dry Skin;Damp;60;95;80;60;80;30
48;Venonat;Bug;Poison;Compound Eyes;Tinted Lens;Run Away;60;55;50;40;55;45
49;Venomoth;Bug;Poison;Shield Dust;Tinted Lens;Wonder Skin;70;65;60;90;75;90
50;Diglett;Ground;;Sand Veil;Arena Trap;Sand Force;10;55;25;35;45;95
50a;Alolan Diglett;Ground;Steel;Sand Veil;Tangling Hair;Sand Force;10;55;30;35;45;90
51;Dugtrio;Ground;;Sand Veil;Arena Trap;Sand Force;35;100;50;50;70;120
51a;Alolan Dugtrio;Ground;Steel;Sand Veil;Tangling Hair;Sand Force;35;100;60;50;70;110
52;Meowth;Normal;;Pickup;Technician;Unnerve;40;45;35;40;40;90
52a;Alolan Meowth;Dark;;Pickup;Technician;Rattled;40;35;35;50;40;90
52g;Galarian Meowth;Steel;;Pickup;Tough Claws;Unnerve;50;65;55;40;40;40
53;Persian;Normal;;Limber;Technician;Unnerve;65;70;60;65;65;115
53a;Alolan Persian;Dark;;Fur Coat;Technician;Rattled;65;60;60;75;65;115
54;Psyduck;Water;;Damp;Cloud Nine;Swift Swim;50;52;48;65;50;55
55;Golduck;Water;;Damp;Cloud Nine;Swift Swim;80;82;78;95;80;85
56;Mankey;Fighting;;Vital Spirit;Anger Point;Defiant;40;80;35;35;45;70
57;Primeape;Fighting;;Vital Spirit;Anger Point;Defiant;65;105;60;60;70;95
58;Growlithe;Fire;;Intimidate;Flash Fire;Justified;55;70;45;70;50;60
58h;Hisuian Growlithe;Fire;Rock;Intimidate;Flash Fire;Justified;60;75;45;65;50;55
59;Arcanine;Fire;;Intimidate;Flash Fire;Justified;90;110;80;100;80;95
59h;Hisuian Arcanine;Fire;Rock;Intimidate;Flash Fire;Justified;95;115;80;95;80;90
60;Poliwag;Water;;Water Absorb;Damp;Swift Swim;40;50;40;40;40;90
61;Poliwhirl;Water;;Water Absorb;Damp;Swift Swim;65;65;65;50;50;90
62;Poliwrath;Water;Fighting;Water Absorb;Damp;Swift Swim;90;95;95;70;90;70
63;Abra;Psychic;;Synchronize;Inner Focus;Magic Guard;25;20;15;105;55;90
64;Kadabra;Psychic;;Synchronize;Inner Focus;Magic Guard;40;35;30;120;70;105
65;Alakazam;Psychic;;Synchronize;Inner Focus;Magic Guard;55;50;45;135;95;120
65m;Mega Alakazam;Psychic;;Trace;;;55;50;65;175;105;150
66;Machop;Fighting;;Guts;No Guard;Steadfast;70;80;50;35;35;35
67;Machoke;Fighting;;Guts;No Guard;Steadfast;80;100;70;50;60;45
68;Machamp;Fighting;;Guts;No Guard;Steadfast;90;130;80;65;85;55
69;Bellsprout;Grass;Poison;Chlorophyll;;Gluttony;50;75;35;70;30;40
70;Weepinbell;Grass;Poison;Chlorophyll;;Gluttony;65;90;50;85;45;55
71;Victreebel;Grass;Poison;Chlorophyll;;Gluttony;80;105;65;100;70;70
71m;Mega Victreebel;Grass;Poison;Innards Out;;;80;125;85;135;95;70
72;Tentacool;Water;Poison;Clear Body;Liquid Ooze;Rain Dish;40;40;35;50;100;70
73;Tentacruel;Water;Poison;Clear Body;Liquid Ooze;Rain Dish;80;70;65;80;120;100
74;Geodude;Rock;Ground;Rock Head;Sturdy;Sand Veil;40;80;100;30;30;20
74a;Alolan Geodude;Rock;Electric;Magnet Pull;Sturdy;Galvanize;40;80;100;30;30;20
75;Graveler;Rock;Ground;Rock Head;Sturdy;Sand Veil;55;95;115;45;45;35
75a;Alolan Graveler;Rock;Electric;Magnet Pull;Sturdy;Galvanize;55;95;115;45;45;35
76;Golem;Rock;Ground;Rock Head;Sturdy;Sand Veil;80;120;130;55;65;45
76a;Alolan Golem;Rock;Electric;Magnet Pull;Sturdy;Galvanize;80;120;130;55;65;45
77;Ponyta;Fire;;Run Away;Flash Fire;Flame Body;50;85;55;65;65;90
77g;Galarian Ponyta;Psychic;;Run Away;Pastel Veil;Anticipation;50;85;55;65;65;90
78;Rapidash;Fire;;Run Away;Flash Fire;Flame Body;65;100;70;80;80;105
78g;Galarian Rapidash;Psychic;Fairy;Run Away;Pastel Veil;Anticipation;65;100;70;80;80;105
79;Slowpoke;Water;Psychic;Oblivious;Own Tempo;Regenerator;90;65;65;40;40;15
79g;Galarian Slowpoke;Psychic;;Gluttony;Own Tempo;Regenerator;90;65;65;40;40;15
80;Slowbro;Water;Psychic;Oblivious;Own Tempo;Regenerator;95;75;110;100;80;30
80g;Galarian Slowbro;Poison;Psychic;Quick Draw;Own Tempo;Regenerator;95;100;95;100;70;30
80m;Mega Slowbro;Water;Psychic;Shell Armor;;;95;75;180;130;80;30
81;Magnemite;Electric;Steel;Magnet Pull;Sturdy;Analytic;25;35;70;95;55;45
82;Magneton;Electric;Steel;Magnet Pull;Sturdy;Analytic;50;60;95;120;70;70
83;Farfetch'd;Normal;Flying;Keen Eye;Inner Focus;Defiant;52;90;55;58;62;60
83g;Galarian Farfetch'd;Fighting;;Steadfast;;Scrappy;52;95;55;58;62;55
84;Doduo;Normal;Flying;Run Away;Early Bird;Tangled Feet;35;85;45;35;35;75
85;Dodrio;Normal;Flying;Run Away;Early Bird;Tangled Feet;60;110;70;60;60;110
86;Seel;Water;;Thick Fat;Hydration;Ice Body;65;45;55;45;70;45
87;Dewgong;Water;Ice;Thick Fat;Hydration;Ice Body;90;70;80;70;95;70
88;Grimer;Poison;;Stench;Sticky Hold;Poison Touch;80;80;50;40;50;25
88a;Alolan Grimer;Poison;Dark;Poison Touch;Gluttony;Power of Alchemy;80;80;50;40;50;25
89;Muk;Poison;;Stench;Sticky Hold;Poison Touch;105;105;75;65;100;50
89a;Alolan Muk;Poison;Dark;Poison Touch;Gluttony;Power of Alchemy;105;105;75;65;100;50
90;Shellder;Water;;Shell Armor;Skill Link;Overcoat;30;65;100;45;25;40
91;Cloyster;Water;Ice;Shell Armor;Skill Link;Overcoat;50;95;180;85;45;70
92;Gastly;Ghost;Poison;Levitate;;;30;35;30;100;35;80
93;Haunter;Ghost;Poison;Levitate;;;45;50;45;115;55;95
94;Gengar;Ghost;Poison;Cursed Body;;;60;65;60;130;75;110
94m;Mega Gengar;Ghost;Poison;Shadow Tag;;;60;65;80;170;95;130
95;Onix;Rock;Ground;Rock Head;Sturdy;Weak Armor;35;45;160;30;45;70
96;Drowzee;Psychic;;Insomnia;Forewarn;Inner Focus;60;48;45;43;90;42
97;Hypno;Psychic;;Insomnia;Forewarn;Inner Focus;85;73;70;73;115;67
98;Krabby;Water;;Hyper Cutter;Shell Armor;Sheer Force;30;105;90;25;25;50
99;Kingler;Water;;Hyper Cutter;Shell Armor;Sheer Force;55;130;115;50;50;75
100;Voltorb;Electric;;Soundproof;Static;Aftermath;40;30;50;55;55;100
100h;Hisuian Voltorb;Electric;Grass;Soundproof;Static;Aftermath;40;30;50;55;55;100
101;Electrode;Electric;;Soundproof;Static;Aftermath;60;50;70;80;80;150
101h;Hisuian Electrode;Electric;Grass;Soundproof;Static;Aftermath;60;50;70;80;80;150
102;Exeggcute;Grass;Psychic;Chlorophyll;;Harvest;60;40;80;60;45;40
103;Exeggutor;Grass;Psychic;Chlorophyll;;Harvest;95;95;85;125;75;55
103a;Alolan Exeggutor;Grass;Dragon;Frisk;;Harvest;95;105;85;125;75;45
104;Cubone;Ground;;Rock Head;Lightning Rod;Battle Armor;50;50;95;40;50;35
105;Marowak;Ground;;Rock Head;Lightning Rod;Battle Armor;60;80;110;50;80;45
105a;Alolan Marowak;Fire;Ghost;Cursed Body;Lightning Rod;Rock Head;60;80;110;50;80;45
106;Hitmonlee;Fighting;;Limber;Reckless;Unburden;50;120;53;35;110;87
107;Hitmonchan;Fighting;;Keen Eye;Iron Fist;Inner Focus;50;105;79;35;110;76
108;Lickitung;Normal;;Own Tempo;Oblivious;Cloud Nine;90;55;75;60;75;30
109;Koffing;Poison;;Levitate;Neutralizing Gas;Stench;40;65;95;60;45;35
110;Weezing;Poison;;Levitate;Neutralizing Gas;Stench;65;90;120;85;70;60
110g;Galarian Weezing;Poison;Fairy;Levitate;Neutralizing Gas;Misty Surge;65;90;120;85;70;60
111;Rhyhorn;Ground;Rock;Lightning Rod;Rock Head;Reckless;80;85;95;30;30;25
112;Rhydon;Ground;Rock;Lightning Rod;Rock Head;Reckless;105;130;120;45;45;40
113;Chansey;Normal;;Natural Cure;Serene Grace;Healer;250;5;5;35;105;50
114;Tangela;Grass;;Chlorophyll;Leaf Guard;Regenerator;65;55;115;100;40;60
115;Kangaskhan;Normal;;Early Bird;Scrappy;Inner Focus;105;95;80;40;80;90
115m;Mega Kangaskhan;Normal;;Parental Bond;;;105;125;100;60;100;100
116;Horsea;Water;;Swift Swim;Sniper;Damp;30;40;70;70;25;60
117;Seadra;Water;;Poison Point;Sniper;Damp;55;65;95;95;45;85
118;Goldeen;Water;;Swift Swim;Water Veil;Lightning Rod;45;67;60;35;50;63
119;Seaking;Water;;Swift Swim;Water Veil;Lightning Rod;80;92;65;65;80;68
120;Staryu;Water;;Illuminate;Natural Cure;Analytic;30;45;55;70;55;85
121;Starmie;Water;Psychic;Illuminate;Natural Cure;Analytic;60;75;85;100;85;115
121m;Mega Starmie;Water;Psychic;Huge Power;;;60;140;105;130;105;120
122;Mr. Mime;Psychic;Fairy;Soundproof;Filter;Technician;40;45;65;100;120;90
122g;Galarian Mr. Mime;Ice;Psychic;Vital Spirit;Screen Cleaner;Ice Body;50;65;65;90;90;100
123;Scyther;Bug;Flying;Swarm;Technician;Steadfast;70;110;80;55;80;105
124;Jynx;Ice;Psychic;Oblivious;Forewarn;Dry Skin;65;50;35;115;95;95
125;Electabuzz;Electric;;Static;;Vital Spirit;65;83;57;95;85;105
126;Magmar;Fire;;Flame Body;;Vital Spirit;65;95;57;100;85;93
127;Pinsir;Bug;;Hyper Cutter;Mold Breaker;Moxie;65;125;100;55;70;85
127m;Mega Pinsir;Bug;Flying;Aerilate;;;65;155;120;65;90;105
128;Tauros;Normal;;Intimidate;Anger Point;Sheer Force;75;100;95;40;70;110
129;Magikarp;Water;;Swift Swim;;Rattled;20;10;55;15;20;80
130;Gyarados;Water;Flying;Intimidate;;Moxie;95;125;79;60;100;81
130m;Mega Gyarados;Water;Dark;Mold Breaker;;;95;155;109;70;130;81
131;Lapras;Water;Ice;Water Absorb;Shell Armor;Hydration;130;85;80;85;95;60
132;Ditto;Normal;;Limber;;Imposter;48;48;48;48;48;48
133;Eevee;Normal;;Run Away;Adaptability;Anticipation;55;55;50;45;65;55
134;Vaporeon;Water;;Water Absorb;;Hydration;130;65;60;110;95;65
135;Jolteon;Electric;;Volt Absorb;;Quick Feet;65;65;60;110;95;130
136;Flareon;Fire;;Flash Fire;;Guts;65;130;60;95;110;65
137;Porygon;Normal;;Trace;Download;Analytic;65;60;70;85;75;40
138;Omanyte;Rock;Water;Swift Swim;Shell Armor;Weak Armor;35;40;100;90;55;35
139;Omastar;Rock;Water;Swift Swim;Shell Armor;Weak Armor;70;60;125;115;70;55
140;Kabuto;Rock;Water;Swift Swim;Battle Armor;Weak Armor;30;80;90;55;45;55
141;Kabutops;Rock;Water;Swift Swim;Battle Armor;Weak Armor;60;115;105;65;70;80
142;Aerodactyl;Rock;Flying;Rock Head;Pressure;Unnerve;80;105;65;60;75;130
142m;Mega Aerodactyl;Rock;Flying;Tough Claws;;;80;135;85;70;95;150
143;Snorlax;Normal;;Immunity;Thick Fat;Gluttony;160;110;65;65;110;30
144;Articuno;Ice;Flying;Pressure;;Snow Cloak;90;85;100;95;125;85
144g;Galarian Articuno;Psychic;Flying;Competitive;;;90;85;85;125;100;95
145;Zapdos;Electric;Flying;Pressure;;Static;90;90;85;125;90;100
145g;Galarian Zapdos;Fighting;Flying;Defiant;;;90;125;90;85;90;100
146;Moltres;Fire;Flying;Pressure;;Flame Body;90;100;90;125;85;90
146g;Galarian Moltres;Dark;Flying;Berserk;;;90;85;90;100;125;90
147;Dratini;Dragon;;Shed Skin;;Marvel Scale;41;64;45;50;50;50
148;Dragonair;Dragon;;Shed Skin;;Marvel Scale;61;84;65;70;70;70
149;Dragonite;Dragon;Flying;Inner Focus;;Multiscale;91;134;95;100;100;80
149m;Mega Dragonite;Dragon;Flying;Multiscale;;;91;124;115;145;125;100
150;Mewtwo;Psychic;;Pressure;;Unnerve;106;110;90;154;90;130
195;Mega Mewtwo X;Psychic;Fighting;Steadfast;;;106;190;100;154;100;130
196;Mega Mewtwo Y;Psychic;;Insomnia;;;106;150;70;194;120;140
151;Mew;Psychic;;Synchronize;;;100;100;100;100;100;100
152;Chikorita;Grass;;Overgrow;;Leaf Guard;45;49;65;49;65;45
153;Bayleef;Grass;;Overgrow;;Leaf Guard;60;62;80;63;80;60
154;Meganium;Grass;;Overgrow;;Leaf Guard;80;82;100;83;100;80
154m;Mega Meganium;Grass;Fairy;Mega Sol;;;80;92;115;143;115;80
155;Cyndaquil;Fire;;Blaze;;Flash Fire;39;52;43;60;50;65
156;Quilava;Fire;;Blaze;;Flash Fire;58;64;58;80;65;80
157;Typhlosion;Fire;;Blaze;;Flash Fire;78;84;78;109;85;100
157h;Hisuian Typhlosion;Fire;Ghost;Blaze;;Flash Fire;73;84;78;119;85;95
158;Totodile;Water;;Torrent;;Sheer Force;50;65;64;44;48;43
159;Croconaw;Water;;Torrent;;Sheer Force;65;80;80;59;63;58
160;Feraligatr;Water;;Torrent;;Sheer Force;85;105;100;79;83;78
160m;Mega Feraligatr;Water;Dragon;Dragonize;;;85;160;125;89;93;78
161;Sentret;Normal;;Run Away;Keen Eye;Frisk;35;46;34;35;45;20
162;Furret;Normal;;Run Away;Keen Eye;Frisk;85;76;64;45;55;90
163;Hoothoot;Normal;Flying;Insomnia;Keen Eye;Tinted Lens;60;30;30;36;56;50
164;Noctowl;Normal;Flying;Insomnia;Keen Eye;Tinted Lens;100;50;50;86;96;70
165;Ledyba;Bug;Flying;Swarm;Early Bird;Rattled;40;20;30;40;80;55
166;Ledian;Bug;Flying;Swarm;Early Bird;Iron Fist;55;35;50;55;110;85
167;Spinarak;Bug;Poison;Swarm;Insomnia;Sniper;40;60;40;40;40;30
168;Ariados;Bug;Poison;Swarm;Insomnia;Sniper;70;90;70;60;70;40
169;Crobat;Poison;Flying;Inner Focus;;Infiltrator;85;90;80;70;80;130
170;Chinchou;Water;Electric;Volt Absorb;Illuminate;Water Absorb;75;38;38;56;56;67
171;Lanturn;Water;Electric;Volt Absorb;Illuminate;Water Absorb;125;58;58;76;76;67
172;Pichu;Electric;;Static;;Lightning Rod;20;40;15;35;35;60
173;Cleffa;Fairy;;Cute Charm;Magic Guard;Friend Guard;50;25;28;45;55;15
174;Igglybuff;Normal;Fairy;Cute Charm;Competitive;Friend Guard;90;30;15;40;20;15
175;Togepi;Fairy;;Hustle;Serene Grace;Super Luck;35;20;65;40;65;20
176;Togetic;Fairy;Flying;Hustle;Serene Grace;Super Luck;55;40;85;80;105;40
177;Natu;Psychic;Flying;Synchronize;Early Bird;Magic Bounce;40;50;45;70;45;70
178;Xatu;Psychic;Flying;Synchronize;Early Bird;Magic Bounce;65;75;70;95;70;95
179;Mareep;Electric;;Static;;Plus;55;40;40;65;45;35
180;Flaaffy;Electric;;Static;;Plus;70;55;55;80;60;45
181;Ampharos;Electric;;Static;;Plus;90;75;85;115;90;55
181m;Mega Ampharos;Electric;Dragon;Mold Breaker;;;90;95;105;165;110;45
182;Bellossom;Grass;;Chlorophyll;;Healer;75;80;95;90;100;50
183;Marill;Water;Fairy;Thick Fat;;Huge Power;70;20;50;20;50;40
184;Azumarill;Water;Fairy;Thick Fat;;Huge Power;100;50;80;60;80;50
185;Sudowoodo;Rock;;Sturdy;;Rock Head;70;100;115;30;65;30
186;Politoed;Water;;Water Absorb;;Damp;90;75;75;90;100;70
187;Hoppip;Grass;Flying;Chlorophyll;;Leaf Guard;35;35;40;35;55;50
188;Skiploom;Grass;Flying;Chlorophyll;;Leaf Guard;55;45;50;45;65;80
189;Jumpluff;Grass;Flying;Chlorophyll;;Leaf Guard;75;55;70;55;95;110
190;Aipom;Normal;;Run Away;;Pickup;55;70;55;40;55;85
191;Sunkern;Grass;;Chlorophyll;;Solar Power;30;30;30;30;30;30
192;Sunflora;Grass;;Chlorophyll;;Solar Power;75;75;55;105;85;30
193;Yanma;Bug;Flying;Speed Boost;;Compound Eyes;65;65;45;75;45;95
194;Wooper;Water;Ground;Damp;;Water Absorb;55;45;45;25;25;15
194p;Paldean Wooper;Poison;Ground;Poison Point;;Water Absorb;55;45;45;25;25;15
195;Quagsire;Water;Ground;Damp;;Water Absorb;95;85;85;65;65;35
196;Espeon;Psychic;;Synchronize;;Magic Bounce;65;65;60;130;95;110
197;Umbreon;Dark;;Synchronize;;Inner Focus;95;65;110;60;130;65
198;Murkrow;Dark;Flying;Insomnia;Super Luck;Prankster;60;85;42;85;42;91
199;Slowking;Water;Psychic;Oblivious;Own Tempo;Regenerator;95;75;80;100;110;30
199g;Galarian Slowking;Poison;Psychic;Curious Medicine;;;95;65;80;110;110;30
200;Misdreavus;Ghost;;Levitate;;;60;60;60;85;85;85
201;Unown;Psychic;;Levitate;;;48;72;48;72;48;48
202;Wobbuffet;Psychic;;Shadow Tag;;Telepathy;190;33;58;33;58;33
203;Girafarig;Normal;Psychic;Inner Focus;;Early Bird;70;80;65;90;65;85
204;Pineco;Bug;;Sturdy;;Overcoat;50;65;90;35;35;15
205;Forretress;Bug;Steel;Sturdy;;Overcoat;75;90;140;60;60;40
206;Dunsparce;Normal;;Serene Grace;Run Away;Rattled;100;70;70;65;65;45
207;Gligar;Ground;Flying;Hyper Cutter;Sand Veil;Immunity;65;75;105;35;65;85
208;Steelix;Steel;Ground;Rock Head;Sturdy;Sheer Force;75;85;200;55;65;30
208m;Mega Steelix;Steel;Ground;Sand Force;;;75;125;230;55;95;30
209;Snubbull;Fairy;;Intimidate;Run Away;Rattled;60;80;50;40;40;30
210;Granbull;Fairy;;Intimidate;Quick Feet;Rattled;90;120;75;60;60;45
211;Qwilfish;Water;Poison;Poison Point;Swift Swim;Intimidate;65;95;85;55;55;85
211h;Hisuian Qwilfish;Dark;Poison;Poison Point;Swift Swim;Intimidate;65;95;85;55;55;85
212;Scizor;Bug;Steel;Swarm;Technician;Light Metal;70;130;100;55;80;65
212m;Mega Scizor;Bug;Steel;Technician;;;70;150;140;65;100;75
213;Shuckle;Bug;Rock;Sturdy;Gluttony;Contrary;20;10;230;10;230;5
214;Heracross;Bug;Fighting;Swarm;Guts;Moxie;80;125;75;40;95;85
214m;Mega Heracross;Bug;Fighting;Skill Link;;;80;185;115;40;105;75
215;Sneasel;Dark;Ice;Inner Focus;Keen Eye;Pickpocket;55;95;55;35;75;115
215h;Hisuian Sneasel;Poison;Fighting;Inner Focus;Keen Eye;Poison Touch;55;95;55;35;75;115
216;Teddiursa;Normal;;Pickup;Quick Feet;Honey Gather;60;80;50;50;50;40
217;Ursaring;Normal;;Guts;Quick Feet;Unnerve;90;130;75;75;75;55
218;Slugma;Fire;;Magma Armor;Flame Body;Weak Armor;40;40;40;70;40;20
219;Magcargo;Fire;Rock;Magma Armor;Flame Body;Weak Armor;60;50;120;90;80;30
220;Swinub;Ice;Ground;Oblivious;Snow Cloak;Thick Fat;50;50;40;30;30;50
221;Piloswine;Ice;Ground;Oblivious;Snow Cloak;Thick Fat;100;100;80;60;60;50
222;Corsola;Water;Rock;Hustle;Natural Cure;Regenerator;65;55;95;65;95;35
222g;Galarian Corsola;Ghost;;Weak Armor;;Cursed Body;60;55;100;65;100;30
223;Remoraid;Water;;Hustle;Sniper;Moody;35;65;35;65;35;65
224;Octillery;Water;;Suction Cups;Sniper;Moody;75;105;75;105;75;45
225;Delibird;Ice;Flying;Vital Spirit;Hustle;Insomnia;45;55;45;65;45;75
226;Mantine;Water;Flying;Swift Swim;Water Absorb;Water Veil;85;40;70;80;140;70
227;Skarmory;Steel;Flying;Keen Eye;Sturdy;Weak Armor;65;80;140;40;70;70
227m;Mega Skarmory;Steel;Flying;Stalwart;;;65;140;110;40;100;110
228;Houndour;Dark;Fire;Early Bird;Flash Fire;Unnerve;45;60;30;80;50;65
229;Houndoom;Dark;Fire;Early Bird;Flash Fire;Unnerve;75;90;50;110;80;95
229m;Mega Houndoom;Dark;Fire;Solar Power;;;75;90;90;140;90;115
230;Kingdra;Water;Dragon;Swift Swim;Sniper;Damp;75;95;95;95;95;85
231;Phanpy;Ground;;Pickup;;Sand Veil;90;60;60;40;40;40
232;Donphan;Ground;;Sturdy;;Sand Veil;90;120;120;60;60;50
233;Porygon2;Normal;;Trace;;Download;85;80;90;105;95;60
234;Stantler;Normal;;Intimidate;;Frisk;73;95;62;85;65;85
235;Smeargle;Normal;;Own Tempo;;Technician;55;20;35;20;45;75
236;Tyrogue;Fighting;;Guts;;Steadfast;35;35;35;35;35;35
237;Hitmontop;Fighting;;Intimidate;;Technician;50;95;95;35;110;70
238;Smoochum;Ice;Psychic;Oblivious;;Forewarn;45;30;15;85;65;65
239;Elekid;Electric;;Static;;Vital Spirit;45;63;37;65;55;95
240;Magby;Fire;;Flame Body;;Vital Spirit;45;75;37;70;55;83
241;Miltank;Normal;;Thick Fat;;Scrappy;95;80;105;40;70;100
242;Blissey;Normal;;Natural Cure;;Serene Grace;255;10;10;75;135;55
243;Raikou;Electric;;Pressure;;Inner Focus;90;85;75;115;100;115
244;Entei;Fire;;Pressure;;Inner Focus;115;115;85;90;75;100
245;Suicune;Water;;Pressure;;Inner Focus;100;75;115;90;115;85
246;Larvitar;Rock;Ground;Guts;;Sand Veil;50;64;50;45;50;41
247;Pupitar;Rock;Ground;Shed Skin;;;70;84;70;65;70;51
248;Tyranitar;Rock;Dark;Sand Stream;;Unnerve;100;134;110;95;100;61
248m;Mega Tyranitar;Rock;Dark;Sand Stream;;;100;164;150;95;120;71
249;Lugia;Psychic;Flying;Pressure;;Multiscale;106;90;130;90;154;110
250;Ho-oh;Fire;Flying;Pressure;;Regenerator;106;130;90;110;154;90
251;Celebi;Psychic;Grass;Natural Cure;;;100;100;100;100;100;100
252;Treecko;Grass;;Overgrow;;Unburden;40;45;35;65;55;70
253;Grovyle;Grass;;Overgrow;;Unburden;50;65;45;85;65;95
254;Sceptile;Grass;;Overgrow;;Unburden;70;85;65;105;85;120
254m;Mega Sceptile;Grass;Dragon;Lightning Rod;;;70;110;75;145;85;145
255;Torchic;Fire;;Blaze;;Speed Boost;45;60;40;70;50;45
256;Combusken;Fire;Fighting;Blaze;;Speed Boost;60;85;60;85;60;55
257;Blaziken;Fire;Fighting;Blaze;;Speed Boost;80;120;70;110;70;80
257m;Mega Blaziken;Fire;Fighting;Speed Boost;;;80;160;80;130;80;100
258;Mudkip;Water;;Torrent;;Damp;50;70;50;50;50;40
259;Marshtomp;Water;Ground;Torrent;;Damp;70;85;70;60;70;50
260;Swampert;Water;Ground;Torrent;;Damp;100;110;90;85;90;60
260m;Mega Swampert;Water;Ground;Swift Swim;;;100;150;110;95;110;70
261;Poochyena;Dark;;Run Away;Quick Feet;Rattled;35;55;35;30;30;35
262;Mightyena;Dark;;Intimidate;Quick Feet;Moxie;70;90;70;60;60;70
263;Zigzagoon;Normal;;Pickup;Gluttony;Quick Feet;38;30;41;30;41;60
263m;Galarian Zigzagoon;Dark;Normal;Pickup;Gluttony;Quick Feet;38;30;41;30;41;60
264;Linoone;Normal;;Pickup;Gluttony;Quick Feet;78;70;61;50;61;100
264m;Galarian Linoone;Dark;Normal;Pickup;Gluttony;Quick Feet;78;70;61;50;61;100
265;Wurmple;Bug;;Shield Dust;;Run Away;45;45;35;20;30;20
266;Silcoon;Bug;;Shed Skin;;;50;35;55;25;25;15
267;Beautifly;Bug;Flying;Swarm;;Rivalry;60;70;50;100;50;65
268;Cascoon;Bug;;Shed Skin;;;50;35;55;25;25;15
269;Dustox;Bug;Poison;Shield Dust;;Compound Eyes;60;50;70;50;90;65
270;Lotad;Water;Grass;Swift Swim;;Rain Dish;40;30;30;40;50;30
271;Lombre;Water;Grass;Swift Swim;;Rain Dish;60;50;50;60;70;50
272;Ludicolo;Water;Grass;Swift Swim;;Rain Dish;80;70;70;90;100;70
273;Seedot;Grass;;Chlorophyll;;Early Bird;40;40;50;30;30;30
274;Nuzleaf;Grass;Dark;Chlorophyll;;Early Bird;70;70;40;60;40;60
275;Shiftry;Grass;Dark;Chlorophyll;;Early Bird;90;100;60;90;60;80
276;Taillow;Normal;Flying;Guts;;Scrappy;40;55;30;30;30;85
277;Swellow;Normal;Flying;Guts;;Scrappy;60;85;60;75;50;125
278;Wingull;Water;Flying;Keen Eye;Hydration;Rain Dish;40;30;30;55;30;85
279;Pelipper;Water;Flying;Keen Eye;Drizzle;Rain Dish;60;50;100;95;70;65
280;Ralts;Psychic;Fairy;Synchronize;Trace;Telepathy;28;25;25;45;35;40
281;Kirlia;Psychic;Fairy;Synchronize;Trace;Telepathy;38;35;35;65;55;50
282;Gardevoir;Psychic;Fairy;Synchronize;Trace;Telepathy;68;65;65;125;115;80
282m;Mega Gardevoir;Psychic;Fairy;Pixilate;;;68;85;65;165;135;100
283;Surskit;Bug;Water;Swift Swim;;Rain Dish;40;30;32;50;52;65
284;Masquerain;Bug;Flying;Intimidate;;Unnerve;70;60;62;100;82;80
285;Shroomish;Grass;;Effect Spore;Poison Heal;Quick Feet;60;40;60;40;60;35
286;Breloom;Grass;Fighting;Effect Spore;Poison Heal;Technician;60;130;80;60;60;70
287;Slakoth;Normal;;Truant;;;60;60;60;35;35;30
288;Vigoroth;Normal;;Vital Spirit;;;80;80;80;55;55;90
289;Slaking;Normal;;Truant;;;150;160;100;95;65;100
290;Nincada;Bug;Ground;Compound Eyes;;Run Away;31;45;90;30;30;40
291;Ninjask;Bug;Flying;Speed Boost;;Infiltrator;61;90;45;50;50;160
292;Shedinja;Bug;Ghost;Wonder Guard;;;1;90;45;30;30;40
293;Whismur;Normal;;Soundproof;;Rattled;64;51;23;51;23;28
294;Loudred;Normal;;Soundproof;;Scrappy;84;71;43;71;43;48
295;Exploud;Normal;;Soundproof;;Scrappy;104;91;63;91;73;68
296;Makuhita;Fighting;;Thick Fat;;Guts;72;60;30;20;30;25
297;Hariyama;Fighting;;Thick Fat;;Guts;144;120;60;40;60;50
298;Azurill;Normal;Fairy;Thick Fat;;Huge Power;50;20;40;20;40;20
299;Nosepass;Rock;;Sturdy;;Magnet Pull;30;45;135;45;90;30
300;Skitty;Normal;;Cute Charm;;Normalize;50;45;45;35;35;50
301;Delcatty;Normal;;Cute Charm;;Normalize;70;65;65;55;55;90
302;Sableye;Dark;Ghost;Keen Eye;;Stall;50;75;75;65;65;50
302m;Mega Sableye;Dark;Ghost;Magic Bounce;;;50;85;125;85;115;20
303;Mawile;Steel;Fairy;Hyper Cutter;;Intimidate;50;85;85;55;55;50
303m;Mega Mawile;Steel;Fairy;Huge Power;;;50;105;125;55;95;50
304;Aron;Steel;Rock;Sturdy;;Rock Head;50;70;100;40;40;30
305;Lairon;Steel;Rock;Sturdy;;Rock Head;60;90;140;50;50;40
306;Aggron;Steel;Rock;Sturdy;;Rock Head;70;110;180;60;60;50
306m;Mega Aggron;Steel;;Filter;;;70;140;230;60;80;50
307;Meditite;Fighting;Psychic;Pure Power;;Telepathy;30;40;55;40;55;60
308;Medicham;Fighting;Psychic;Pure Power;;Telepathy;60;60;75;60;75;80
308m;Mega Medicham;Fighting;Psychic;Pure Power;;;60;100;85;80;85;100
309;Electrike;Electric;;Static;;Lightning Rod;40;45;40;65;40;65
310;Manectric;Electric;;Static;;Lightning Rod;70;75;60;105;60;105
310m;Mega Manectric;Electric;;Intimidate;;;70;75;80;135;80;135
311;Plusle;Electric;;Plus;;Lightning Rod;60;50;40;85;75;95
312;Minun;Electric;;Minus;;Volt Absorb;60;40;50;75;85;95
313;Volbeat;Bug;;Illuminate;;Swarm;65;73;75;47;85;85
314;Illumise;Bug;;Oblivious;;Tinted Lens;65;47;75;73;85;85
315;Roselia;Grass;Poison;Natural Cure;;Poison Point;50;60;45;100;80;65
316;Gulpin;Poison;;Liquid Ooze;;Sticky Hold;70;43;53;43;53;40
317;Swalot;Poison;;Liquid Ooze;;Sticky Hold;100;73;83;73;83;55
318;Carvanha;Water;Dark;Rough Skin;;Speed Boost;45;90;20;65;20;65
319;Sharpedo;Water;Dark;Rough Skin;;Speed Boost;70;120;40;95;40;95
319m;Mega Sharpedo;Water;Dark;Strong Jaw;;;70;140;70;110;65;105
320;Wailmer;Water;;Water Veil;;Oblivious;130;70;35;70;35;60
321;Wailord;Water;;Water Veil;;Oblivious;170;90;45;90;45;60
322;Numel;Fire;Ground;Oblivious;;Simple;60;60;40;65;45;35
323;Camerupt;Fire;Ground;Magma Armor;;Solid Rock;70;100;70;105;75;40
323m;Mega Camerupt;Fire;Ground;Sheer Force;;;70;120;100;145;105;20
324;Torkoal;Fire;;White Smoke;;Drought;70;85;140;85;70;20
325;Spoink;Psychic;;Thick Fat;;Own Tempo;60;25;35;70;80;60
326;Grumpig;Psychic;;Thick Fat;;Own Tempo;80;45;65;90;110;80
327;Spinda;Normal;;Own Tempo;;Tangled Feet;60;60;60;60;60;60
328;Trapinch;Ground;;Hyper Cutter;;Arena Trap;45;100;45;45;45;10
329;Vibrava;Ground;Dragon;Levitate;;;50;70;50;50;50;70
330;Flygon;Ground;Dragon;Levitate;;;80;100;80;80;80;100
331;Cacnea;Grass;;Sand Veil;;Water Absorb;50;85;40;85;40;35
332;Cacturne;Grass;Dark;Sand Veil;;Water Absorb;70;115;60;115;60;55
333;Swablu;Normal;Flying;Natural Cure;;Cloud Nine;45;40;60;40;75;50
334;Altaria;Dragon;Flying;Natural Cure;;Cloud Nine;75;70;90;70;105;80
334m;Mega Altaria;Dragon;Fairy;Pixilate;;;75;110;110;110;105;80
335;Zangoose;Normal;;Immunity;;Toxic Boost;73;115;60;60;60;90
336;Seviper;Poison;;Shed Skin;;Infiltrator;73;100;60;100;60;65
337;Lunatone;Rock;Psychic;Levitate;;;90;55;65;95;85;70
338;Solrock;Rock;Psychic;Levitate;;;90;95;85;55;65;70
339;Barboach;Water;Ground;Oblivious;;Anticipation;50;48;43;46;41;60
340;Whiscash;Water;Ground;Oblivious;;Anticipation;110;78;73;76;71;60
341;Corphish;Water;;Hyper Cutter;;Shell Armor;43;80;65;50;35;35
342;Crawdaunt;Water;Dark;Hyper Cutter;;Shell Armor;63;120;85;90;55;55
343;Baltoy;Ground;Psychic;Levitate;;;40;40;55;40;70;55
344;Claydol;Ground;Psychic;Levitate;;;60;70;105;70;120;75
345;Lileep;Rock;Grass;Suction Cups;;Storm Drain;66;41;77;61;87;23
346;Cradily;Rock;Grass;Suction Cups;;Storm Drain;86;81;97;81;107;43
347;Anorith;Rock;Bug;Battle Armor;;Swift Swim;45;95;50;40;50;75
348;Armaldo;Rock;Bug;Battle Armor;;Swift Swim;75;125;100;70;80;45
349;Feebas;Water;;Swift Swim;;Oblivious;20;15;20;10;55;80
350;Milotic;Water;;Marvel Scale;;Competitive;95;60;79;100;125;81
351;Castform;Normal;;Forecast;;;70;70;70;70;70;70
351s;Castform Sunny Form;Fire;;Forecast;;;70;70;70;70;70;70
351r;Castform Rainy Form;Water;;Forecast;;;70;70;70;70;70;70
351n;Castform Snowy Form;Ice;;Forecast;;;70;70;70;70;70;70
352;Kecleon;Normal;;Color Change;;Protean;60;90;70;60;120;40
353;Shuppet;Ghost;;Insomnia;;Frisk;44;75;35;63;33;45
354;Banette;Ghost;;Insomnia;;Frisk;64;115;65;83;63;65
354m;Mega Banette;Ghost;;Prankster;;;64;165;75;93;83;75
355;Duskull;Ghost;;Levitate;;Frisk;20;40;90;30;90;25
356;Dusclops;Ghost;;Pressure;;Frisk;40;70;130;60;130;25
357;Tropius;Grass;Flying;Chlorophyll;;Solar Power;99;68;83;72;87;51
358;Chimecho;Psychic;;Levitate;;;75;50;80;95;90;65
358m;Mega Chimeco;Psychic;Steel;Levitate;;;75;50;110;135;120;65
359;Absol;Dark;;Pressure;;Super Luck;65;130;60;75;60;75
359m;Mega Absol;Dark;;Magic Bounce;;;65;150;60;115;60;115
359z;Mega Absol Z;Dark;Ghost;;;;65;154;60;75;60;151
360;Wynaut;Psychic;;Shadow Tag;;Telepathy;95;23;48;23;48;23
361;Snorunt;Ice;;Inner Focus;;Ice Body;50;50;50;50;50;50
362;Glalie;Ice;;Inner Focus;;Ice Body;80;80;80;80;80;80
362m;Mega Glalie;Ice;;Refrigerate;;;80;120;80;120;80;100
363;Spheal;Ice;Water;Thick Fat;;Ice Body;70;40;50;55;50;25
364;Sealeo;Ice;Water;Thick Fat;;Ice Body;90;60;70;75;70;45
365;Walrein;Ice;Water;Thick Fat;;Ice Body;110;80;90;95;90;65
366;Clamperl;Water;;Shell Armor;;Rattled;35;64;85;74;55;32
367;Huntail;Water;;Swift Swim;;Water Veil;55;104;105;94;75;52
368;Gorebyss;Water;;Swift Swim;;Hydration;55;84;105;114;75;52
369;Relicanth;Water;Rock;Swift Swim;;Rock Head;100;90;130;45;65;55
370;Luvdisc;Water;;Swift Swim;;Hydration;43;30;55;40;65;97
371;Bagon;Dragon;;Rock Head;;Sheer Force;45;75;60;40;30;50
372;Shelgon;Dragon;;Rock Head;;Overcoat;65;95;100;60;50;50
373;Salamence;Dragon;Flying;Intimidate;;Moxie;95;135;80;110;80;100
373m;Mega Salamence;Dragon;Flying;Aerilate;;;95;145;130;120;90;120
374;Beldum;Steel;Psychic;Clear Body;;Light Metal;40;55;80;35;60;30
375;Metang;Steel;Psychic;Clear Body;;Light Metal;60;75;100;55;80;50
376;Metagross;Steel;Psychic;Clear Body;;Light Metal;80;135;130;95;90;70
376m;Mega Metagross;Steel;Psychic;Tough Claws;;;80;145;150;105;110;110
377;Regirock;Rock;;Clear Body;;Sturdy;80;100;200;50;100;50
378;Regice;Ice;;Clear Body;;Ice Body;80;50;100;100;200;50
379;Registeel;Steel;;Clear Body;;Light Metal;80;75;150;75;150;50
380;Latias;Dragon;Psychic;Levitate;;;80;80;90;110;130;110
380m;Mega Latias;Dragon;Psychic;Levitate;;;80;100;120;140;150;110
381;Latios;Dragon;Psychic;Levitate;;;80;90;80;130;110;110
381m;Mega Latios;Dragon;Psychic;Levitate;;;80;130;100;160;120;110
382;Kyogre;Water;;Drizzle;;;100;100;90;150;140;90
382pr;Primal Kyogre;Water;;Primordial Sea;;;100;150;90;180;160;90
383;Groudon;Ground;;Drought;;;100;150;140;100;90;90
383pr;Primal Groudon;Ground;Fire;Disolated Land;;;100;180;160;150;90;90
384;Rayquaza;Dragon;Flying;Air Lock;;;105;150;90;150;90;95
384m;Mega Rayquaza;Dragon;Flying;Delta Stream;;;105;180;100;180;100;115
385;Jirachi;Steel;Psychic;Serene Grace;;;100;100;100;100;100;100
386;Deoxys;Psychic;;Pressure;;;50;150;50;150;50;150
386at;Deoxys Attack Form;Psychic;;Pressure;;;50;180;20;180;20;150
386df;Deoxys Defense Form;Psychic;;Pressure;;;50;70;160;70;160;90
386sp;Deoxys Speed Form;Psychic;;Pressure;;;50;95;90;95;90;180
387;Turtwig;Grass;;Overgrow;;Shell Armor;55;68;64;45;55;31
388;Grotle;Grass;;Overgrow;;Shell Armor;75;89;85;55;65;36
389;Torterra;Grass;Ground;Overgrow;;Shell Armor;95;109;105;75;85;56
390;Chimchar;Fire;;Blaze;;Iron Fist;44;58;44;58;44;61
391;Monferno;Fire;Fighting;Blaze;;Iron Fist;64;78;52;78;52;81
392;Infernape;Fire;Fighting;Blaze;;Iron Fist;76;104;71;104;71;108
393;Piplup;Water;;Torrent;;Defiant;53;51;53;61;56;40
394;Prinplup;Water;;Torrent;;Defiant;64;66;68;81;76;50
395;Empoleon;Water;Steel;Torrent;;Defiant;84;86;88;111;101;60
396;Starly;Normal;Flying;Keen Eye;;Reckless;40;55;30;30;30;60
397;Staravia;Normal;Flying;Intimidate;;Reckless;55;75;50;40;40;80
398;Staraptor;Normal;Flying;Intimidate;;Reckless;85;120;70;50;60;100
398m;Mega Staraptor;Fighting;Flying;;;;85;140;100;60;90;110
399;Bidoof;Normal;;Simple;;Unaware;59;45;40;35;40;31
400;Bibarel;Normal;Water;Simple;;Unaware;79;85;60;55;60;71
401;Kricketot;Bug;;Shed Skin;;Run Away;37;25;41;25;41;25
402;Kricketune;Bug;;Swarm;;Technician;77;85;51;55;51;65
403;Shinx;Electric;;Rivalry;;Intimidate;45;65;34;40;34;45
404;Luxio;Electric;;Rivalry;;Intimidate;60;85;49;60;49;60
405;Luxray;Electric;;Rivalry;;Intimidate;80;120;79;95;79;70
406;Budew;Grass;Poison;Natural Cure;;Poison Point;40;30;35;50;70;55
407;Roserade;Grass;Poison;Natural Cure;;Poison Point;60;70;65;125;105;90
408;Cranidos;Rock;;Mold Breaker;;Sheer Force;67;125;40;30;30;58
409;Rampardos;Rock;;Mold Breaker;;Sheer Force;97;165;60;65;50;58
410;Shieldon;Rock;Steel;Sturdy;;Soundproof;30;42;118;42;88;30
411;Bastiodon;Rock;Steel;Sturdy;;Soundproof;60;52;168;47;138;30
412;Burmy;Bug;;Shed Skin;;Overcoat;40;29;45;29;45;36
413;Wormadam;Bug;Grass;Anticipation;;Overcoat;60;59;85;79;105;36
413pl;Wormadam Plant Cloak;Bug;Grass;Anticipation;;;60;59;85;79;105;36
413sd;Wormadam Sandy Cloak;Bug;Ground;Anticipation;;;60;79;105;59;85;36
413tr;Wormadam Trash Cloak;Bug;Steel;Anticipation;;;60;69;95;69;95;36
414;Mothim;Bug;Flying;Swarm;;Tinted Lens;70;94;50;94;50;66
415;Combee;Bug;Flying;Honey Gather;;Hustle;30;30;42;30;42;70
416;Vespiquen;Bug;Flying;Pressure;;Unnerve;70;80;102;80;102;40
417;Pachirisu;Electric;;Run Away;;Pickup;60;45;70;45;90;95
418;Buizel;Water;;Swift Swim;;Water Veil;55;65;35;60;30;85
419;Floatzel;Water;;Swift Swim;;Water Veil;85;105;55;85;50;115
420;Cherubi;Grass;;Chlorophyll;;;45;35;45;62;53;35
421;Cherrim;Grass;;Flower Gift;;;70;60;70;87;78;85
422;Shellos;Water;;Sticky Hold;;Storm Drain;76;48;48;57;62;34
423;Gastrodon;Water;Ground;Sticky Hold;;Storm Drain;111;83;68;92;82;39
424;Ambipom;Normal;;Technician;;Pickup;75;100;66;60;66;115
425;Drifloon;Ghost;Flying;Aftermath;;Unburden;90;50;34;60;44;70
426;Drifblim;Ghost;Flying;Aftermath;;Unburden;150;80;44;90;54;80
427;Buneary;Normal;;Run Away;;Klutz;55;66;44;44;56;85
428;Lopunny;Normal;;Cute Charm;;Klutz;65;76;84;54;96;105
428m;Mega Lopunny;Normal;Fighting;Scrappy;;;65;136;94;54;96;135
429;Mismagius;Ghost;;Levitate;;;60;60;60;105;105;105
430;Honchkrow;Dark;Flying;Insomnia;;Super Luck;100;125;52;105;52;71
431;Glameow;Normal;;Limber;;Own Tempo;49;55;42;42;37;85
432;Purugly;Normal;;Thick Fat;;Own Tempo;71;82;64;64;59;112
433;Chingling;Psychic;;Levitate;;;45;30;50;65;50;45
434;Stunky;Poison;Dark;Stench;;Aftermath;63;63;47;41;41;74
435;Skuntank;Poison;Dark;Stench;;Aftermath;103;93;67;71;61;84
436;Bronzor;Steel;Psychic;Levitate;;Heatproof;57;24;86;24;86;23
437;Bronzong;Steel;Psychic;Levitate;;Heatproof;67;89;116;79;116;33
438;Bonsly;Rock;;Sturdy;;Rock Head;50;80;95;10;45;10
439;Mime Jr.;Psychic;Fairy;Soundproof;;Filter;20;25;45;70;90;60
440;Happiny;Normal;;Natural Cure;;Serene Grace;100;5;5;15;65;30
441;Chatot;Normal;Flying;Keen Eye;;Tangled Feet;76;65;45;92;42;91
442;Spiritomb;Ghost;Dark;Pressure;;Infiltrator;50;92;108;92;108;35
443;Gible;Dragon;Ground;Sand Veil;;Rough Skin;58;70;45;40;45;42
444;Gabite;Dragon;Ground;Sand Veil;;Rough Skin;68;90;65;50;55;82
445;Garchomp;Dragon;Ground;Sand Veil;;Rough Skin;108;130;95;80;85;102
445m;Mega Garchomp;Dragon;Ground;Sand Force;;;108;170;115;120;95;92
445z;Mega Garchomp Z;Dragon;;;;;108;130;85;141;85;151
446;Munchlax;Normal;;Pickup;;Thick Fat;135;85;40;40;85;5
447;Riolu;Fighting;;Steadfast;;Inner Focus;40;70;40;35;40;60
448;Lucario;Fighting;Steel;Steadfast;;Inner Focus;70;110;70;115;70;90
448m;Mega Lucario;Fighting;Steel;Adaptability;;;70;145;88;140;70;112
448z;Mega Lucario Z;Fighting;Steel;;;;70;100;70;164;70;151
449;Hippopotas;Ground;;Sand Stream;;Sand Force;68;72;78;38;42;32
450;Hippowdon;Ground;;Sand Stream;;Sand Force;108;112;118;68;72;47
451;Skorupi;Poison;Bug;Battle Armor;;Sniper;40;50;90;30;55;65
452;Drapion;Poison;Dark;Battle Armor;;Sniper;70;90;110;60;75;95
453;Croagunk;Poison;Fighting;Anticipation;;Dry Skin;48;61;40;61;40;50
454;Toxicroak;Poison;Fighting;Anticipation;;Dry Skin;83;106;65;86;65;85
455;Carnivine;Grass;;Levitate;;;74;100;72;90;72;46
456;Finneon;Water;;Swift Swim;;Storm Drain;49;49;56;49;61;66
457;Lumineon;Water;;Swift Swim;;Storm Drain;69;69;76;69;86;91
458;Mantyke;Water;Flying;Swift Swim;;Water Absorb;45;20;50;60;120;50
459;Snover;Grass;Ice;Snow Warning;;Soundproof;60;62;50;62;60;40
460;Abomasnow;Grass;Ice;Snow Warning;;Soundproof;90;92;75;92;85;60
460m;Mega Abomasnow;Grass;Ice;Snow Warning;;;90;132;105;132;105;30
461;Weavile;Dark;Ice;Pressure;;Pickpocket;70;120;65;45;85;125
462;Magnezone;Electric;Steel;Magnet Pull;;Sturdy;70;70;115;130;90;60
463;Lickilicky;Normal;;Own Tempo;;Oblivious;110;85;95;80;95;50
464;Rhyperior;Ground;Rock;Lightning Rod;;Solid Rock;115;140;130;55;55;40
465;Tangrowth;Grass;;Chlorophyll;;Leaf Guard;100;100;125;110;50;50
466;Electivire;Electric;;Motor Drive;;Vital Spirit;75;123;67;95;85;95
467;Magmortar;Fire;;Flame Body;;Vital Spirit;75;95;67;125;95;83
468;Togekiss;Fairy;Flying;Hustle;;Serene Grace;85;50;95;120;115;80
469;Yanmega;Bug;Flying;Speed Boost;;Tinted Lens;86;76;86;116;56;95
470;Leafeon;Grass;;Leaf Guard;;Chlorophyll;65;110;130;60;65;95
471;Glaceon;Ice;;Snow Cloak;;Ice Body;65;60;110;130;95;65
472;Gliscor;Ground;Flying;Hyper Cutter;;Sand Veil;75;95;125;45;75;95
473;Mamoswine;Ice;Ground;Oblivious;;Snow Cloak;110;130;80;70;60;80
474;Porygon-Z;Normal;;Adaptability;;Download;85;80;70;135;75;90
475;Gallade;Psychic;Fighting;Steadfast;;Sharpness;68;125;65;65;115;80
475m;Mega Gallade;Psychic;Fighting;Inner Focus;;;68;165;95;65;115;110
476;Probopass;Rock;Steel;Sturdy;;Magnet Pull;60;55;145;75;150;40
477;Dusknoir;Ghost;;Pressure;;Frisk;45;100;135;65;135;45
478;Froslass;Ice;Ghost;Snow Cloak;;Cursed Body;70;80;70;80;70;110
478m;Mega Froslass;Ice;Ghost;Snow Warning;;;70;80;70;140;100;120
479;Rotom;Electric;Ghost;Levitate;;;50;50;77;95;77;91
479h;Heat Rotom;Electric;Fire;Levitate;;;50;65;107;105;107;86
479w;Wash Rotom;Electric;Water;Levitate;;;50;65;107;105;107;86
479f;Frost Rotom;Electric;Ice;Levitate;;;50;65;107;105;107;86
479fa;Fan Rotom;Electric;Flying;Levitate;;;50;65;107;105;107;86
479m;Mow Rotom;Electric;Grass;Levitate;;;50;65;107;105;107;86
480;Uxie;Psychic;;Levitate;;;75;75;130;75;130;95
481;Mesprit;Psychic;;Levitate;;;80;105;105;105;105;80
482;Azelf;Psychic;;Levitate;;;75;125;70;125;70;115
483;Dialga;Steel;Dragon;Pressure;;Telepathy;100;120;120;150;100;90
483o;Dialga Origin Form;Steel;Dragon;Pressure;;;100;100;120;150;120;90
484;Palkia;Water;Dragon;Pressure;;Telepathy;90;120;100;150;120;100
484o;Palkia Origin Form;Water;Dragon;Pressure;;;90;100;100;150;120;120
485;Heatran;Fire;Steel;Flash Fire;;Flame Body;91;90;106;130;106;77
485m;Mega Heatran;Fire;Steel;;;;91;120;106;175;141;67
486;Regigigas;Normal;;Slow Start;;;110;160;110;80;110;100
487;Giratina;Ghost;Dragon;Pressure;;Telepathy;150;100;120;100;120;90
487o;Giratina Origin Form;Ghost;Dragon;Levitate;;;150;120;100;120;100;90
488;Cresselia;Psychic;;Levitate;;;120;70;110;75;120;85
489;Phione;Water;;Hydration;;;80;80;80;80;80;80
490;Manaphy;Water;;Hydration;;;100;100;100;100;100;100
491;Darkrai;Dark;;Bad Dreams;;;70;90;90;135;90;125
492;Shaymin;Grass;;Natural Cure;;;100;100;100;100;100;100
492sk;Shaymin Sky Form;Grass;Flying;Serene Grace;;;100;103;75;120;75;127
493;Arceus;Normal;;Multitype;;;120;120;120;120;120;120
494;Victini;Psychic;Fire;Victory Star;;;100;100;100;100;100;100
495;Snivy;Grass;;Overgrow;;Contrary;45;45;55;45;55;63
496;Servine;Grass;;Overgrow;;Contrary;60;60;75;60;75;83
497;Serperior;Grass;;Overgrow;;Contrary;75;75;95;75;95;113
498;Tepig;Fire;;Blaze;;Thick Fat;65;63;45;45;45;45
499;Pignite;Fire;Fighting;Blaze;;Thick Fat;90;93;55;70;55;55
500;Emboar;Fire;Fighting;Blaze;;Reckless;110;123;65;100;65;65
500m;Mega Emboar;Fire;Fighting;Mold Breaker;;;110;148;75;110;110;75
501;Oshawott;Water;;Torrent;;Shell Armor;55;55;45;63;45;45
502;Dewott;Water;;Torrent;;Shell Armor;75;75;60;83;60;60
503;Samurott;Water;;Torrent;;Shell Armor;95;100;85;108;70;70
503h;Hisuian Samurott;Water;Dark;Torrent;;;90;108;80;100;65;85
504;Patrat;Normal;;Run Away;;Keen Eye;45;55;39;35;39;42
505;Watchog;Normal;;Illuminate;;Keen Eye;60;85;69;60;69;77
506;Lillipup;Normal;;Vital Spirit;;Pickup;45;60;45;25;45;55
507;Herdier;Normal;;Intimidate;;Sand Rush;65;80;65;35;65;60
508;Stoutland;Normal;;Intimidate;;Sand Rush;85;110;90;45;90;80
509;Purrloin;Dark;;Limber;;Unburden;41;50;37;50;37;66
510;Liepard;Dark;;Limber;;Unburden;64;88;50;88;50;106
511;Pansage;Grass;;Gluttony;;Overgrow;50;53;48;53;48;64
512;Simisage;Grass;;Gluttony;;Overgrow;75;98;63;98;63;101
513;Pansear;Fire;;Gluttony;;Blaze;50;53;48;53;48;64
514;Simisear;Fire;;Gluttony;;Blaze;75;98;63;98;63;101
515;Panpour;Water;;Gluttony;;Torrent;50;53;48;53;48;64
516;Simipour;Water;;Gluttony;;Torrent;75;98;63;98;63;101
517;Munna;Psychic;;Forewarn;;Synchronize;76;25;45;67;55;24
518;Musharna;Psychic;;Forewarn;;Synchronize;116;55;85;107;95;29
519;Pidove;Normal;Flying;Big Pecks;;Super Luck;50;55;50;36;30;43
520;Tranquill;Normal;Flying;Big Pecks;;Super Luck;62;77;62;50;42;65
521;Unfezant;Normal;Flying;Big Pecks;;Super Luck;80;115;80;65;55;93
522;Blitzle;Electric;;Lightning Rod;;Motor Drive;45;60;32;50;32;76
523;Zebstrika;Electric;;Lightning Rod;;Motor Drive;75;100;63;80;63;116
524;Roggenrola;Rock;;Sturdy;;Weak Armor;55;75;85;25;25;15
525;Boldore;Rock;;Sturdy;;Weak Armor;70;105;105;50;40;20
526;Gigalith;Rock;;Sturdy;;Sand Stream;85;135;130;60;80;25
527;Woobat;Psychic;Flying;Unaware;;Klutz;65;45;43;55;43;72
528;Swoobat;Psychic;Flying;Unaware;;Klutz;67;57;55;77;55;114
529;Drilbur;Ground;;Sand Rush;;Sand Force;60;85;40;30;45;68
530;Excadrill;Ground;Steel;Sand Rush;;Sand Force;110;135;60;50;65;88
530m;Mega Excadrill;Ground;Steel;Piercing Drill;;;110;165;100;65;65;103
531;Audino;Normal;;Healer;;Regenerator;103;60;86;60;86;50
531m;Mega Audino;Normal;Fairy;Healer;;;103;60;126;80;126;50
532;Timburr;Fighting;;Guts;;Sheer Force;75;80;55;25;35;35
533;Gurdurr;Fighting;;Guts;;Sheer Force;85;105;85;40;50;40
534;Conkeldurr;Fighting;;Guts;;Sheer Force;105;140;95;55;65;45
535;Tympole;Water;;Swift Swim;;Hydration;50;50;40;50;40;64
536;Palpitoad;Water;Ground;Swift Swim;;Hydration;75;65;55;65;55;69
537;Seismitoad;Water;Ground;Swift Swim;;Poison Touch;105;95;75;85;75;74
538;Throh;Fighting;;Guts;;Inner Focus;120;100;85;30;85;45
539;Sawk;Fighting;;Sturdy;;Inner Focus;75;125;75;30;75;85
540;Sewaddle;Bug;Grass;Swarm;;Chlorophyll;45;53;70;40;60;42
541;Swadloon;Bug;Grass;Leaf Guard;;Chlorophyll;55;63;90;50;80;42
542;Leavanny;Bug;Grass;Swarm;;Chlorophyll;75;103;80;70;80;92
543;Venipede;Bug;Poison;Poison Point;;Swarm;30;45;59;30;39;57
544;Whirlipede;Bug;Poison;Poison Point;;Swarm;40;55;99;40;79;47
545;Scolipede;Bug;Poison;Poison Point;;Swarm;60;100;89;55;69;112
545m;Mega Scolipede;Bug;Poison;;;;60;140;149;75;99;62
546;Cottonee;Grass;Fairy;Prankster;;Infiltrator;40;27;60;37;50;66
547;Whimsicott;Grass;Fairy;Prankster;;Infiltrator;60;67;85;77;75;116
548;Petilil;Grass;;Chlorophyll;;Own Tempo;45;35;50;70;50;30
549;Lilligant;Grass;;Chlorophyll;;Own Tempo;70;60;75;110;75;90
549;Hisuian Lilligant;Grass;Fighting;Chlorophyll;;Hustle;70;105;75;50;75;105
550r;Basculin Red-Striped;Water;;Reckless;;Adaptability;70;92;65;80;55;98
550b;Basculin Blue-Striped;Water;;Rock Head;;Adaptability;70;92;65;80;55;98
551;Sandile;Ground;Dark;Intimidate;;Moxie;50;72;35;35;35;65
552;Krokorok;Ground;Dark;Intimidate;;Moxie;60;82;45;45;45;74
553;Krookodile;Ground;Dark;Intimidate;;Moxie;95;117;80;65;70;92
554;Darumaka;Fire;;Hustle;;Inner Focus;70;90;45;15;45;50
554g;Galarian Darumaka;Ice;;Hustle;;;70;90;45;15;45;50
555s;Darmanitan Standard Mode;Fire;;Sheer Force;;;105;140;55;30;55;95
555z;Darmanitan Zen Mode;Fire;Psychic;Sheer Force;;;105;30;105;140;105;55
555gs;Galarian Darmanitan Standard Mode;Ice;;Gorilla Tactics;;;105;140;55;30;55;95
555gz;Galarian Darmanitan Zen Mode;Ice;Fire;Gorilla Tactics;;;105;160;55;30;55;135
556;Maractus;Grass;;Water Absorb;;Chlorophyll;75;86;67;106;67;60
557;Dwebble;Bug;Rock;Sturdy;;Shell Armor;50;65;85;35;35;55
558;Crustle;Bug;Rock;Sturdy;;Shell Armor;70;105;125;65;75;45
559;Scraggy;Dark;Fighting;Shed Skin;;Moxie;50;75;70;35;70;48
560;Scrafty;Dark;Fighting;Shed Skin;;Moxie;65;90;115;45;115;58
560m;Mega Scrafty;Dark;Fighting;;;;65;130;135;55;135;68
561;Sigilyph;Psychic;Flying;Wonder Skin;;Magic Guard;72;58;80;103;80;97
562;Yamask;Ghost;;Mummy;;;38;30;85;55;65;30
562g;Galarian Yamask;Ground;Ghost;Wandering Spirit;;;38;55;85;30;65;30
563;Cofagrigus;Ghost;;Mummy;;;58;50;145;95;105;30
564;Tirtouga;Water;Rock;Solid Rock;;Sturdy;54;78;103;53;45;22
565;Carracosta;Water;Rock;Solid Rock;;Sturdy;74;108;133;83;65;32
566;Archen;Rock;Flying;Defeatist;;;55;112;45;74;45;70
567;Archeops;Rock;Flying;Defeatist;;;75;140;65;112;65;110
568;Trubbish;Poison;;Stench;;Sticky Hold;50;50;62;40;62;65
569;Garbodor;Poison;;Stench;;Weak Armor;80;95;82;60;82;75
570;Zorua;Dark;;Illusion;;;40;65;40;80;40;65
570h;Hisuian Zorua;Normal;Ghost;Illusion;;;35;60;40;85;40;70
571;Zoroark;Dark;;Illusion;;;60;105;60;120;60;105
571h;Hisuian Zoroark;Normal;Ghost;Illusion;;;55;100;60;125;60;110
572;Minccino;Normal;;Cute Charm;;Technician;55;50;40;40;40;75
573;Cinccino;Normal;;Cute Charm;;Technician;75;95;60;65;60;115
574;Gothita;Psychic;;Frisk;;Competitive;45;30;50;55;65;45
575;Gothorita;Psychic;;Frisk;;Competitive;60;45;70;75;85;55
576;Gothitelle;Psychic;;Frisk;;Competitive;70;55;95;95;110;65
577;Solosis;Psychic;;Overcoat;;Magic Guard;45;30;40;105;50;20
578;Duosion;Psychic;;Overcoat;;Magic Guard;65;40;50;125;60;30
579;Reuniclus;Psychic;;Overcoat;;Magic Guard;110;65;75;125;85;30
580;Ducklett;Water;Flying;Keen Eye;;Big Pecks;62;44;50;44;50;55
581;Swanna;Water;Flying;Keen Eye;;Big Pecks;75;87;63;87;63;98
582;Vanillite;Ice;;Ice Body;;Snow Cloak;36;50;50;65;60;44
583;Vanillish;Ice;;Ice Body;;Snow Cloak;51;65;65;80;75;59
584;Vanilluxe;Ice;;Ice Body;;Snow Warning;71;95;85;110;95;79
585;Deerling;Normal;Grass;Chlorophyll;;Sap Sipper;60;60;50;40;50;75
586;Sawsbuck;Normal;Grass;Chlorophyll;;Sap Sipper;80;100;70;60;70;95
587;Emolga;Electric;Flying;Static;;Motor Drive;55;75;60;75;60;103
588;Karrablast;Bug;;Swarm;;Shed Skin;50;75;45;40;45;60
589;Escavalier;Bug;Steel;Swarm;;Shell Armor;70;135;105;60;105;20
590;Foongus;Grass;Poison;Effect Spore;;Regenerator;69;55;45;55;55;15
591;Amoonguss;Grass;Poison;Effect Spore;;Regenerator;114;85;70;85;80;30
592;Frillish;Water;Ghost;Water Absorb;;Cursed Body;55;40;50;65;85;40
593;Jellicent;Water;Ghost;Water Absorb;;Cursed Body;100;60;70;85;105;60
594;Alomomola;Water;;Healer;;Hydration;165;75;80;40;45;65
595;Joltik;Bug;Electric;Compound Eyes;;Unnerve;50;47;50;57;50;65
596;Galvantula;Bug;Electric;Compound Eyes;;Unnerve;70;77;60;97;60;108
597;Ferroseed;Grass;Steel;Iron Barbs;;;44;50;91;24;86;10
598;Ferrothorn;Grass;Steel;Iron Barbs;;Anticipation;74;94;131;54;116;20
599;Klink;Steel;;Plus;;Minus;40;55;70;45;60;30
600;Klang;Steel;;Plus;;Minus;60;80;95;70;85;50
601;Klinklang;Steel;;Plus;;Minus;60;100;115;70;85;90
602;Tynamo;Electric;;Levitate;;;35;55;40;45;40;60
603;Eelektrik;Electric;;Levitate;;;65;85;70;75;70;40
604;Eelektross;Electric;;Levitate;;;85;115;80;105;80;50
604m;Mega Eelektross;Electric;;;;;85;145;80;135;90;80
605;Elgyem;Psychic;;Telepathy;;Synchronize;55;55;55;85;55;30
606;Beheeyem;Psychic;;Telepathy;;Synchronize;75;75;75;125;95;40
607;Litwick;Ghost;Fire;Flash Fire;;Flame Body;50;30;55;65;55;20
608;Lampent;Ghost;Fire;Flash Fire;;Flame Body;60;40;60;95;60;55
609;Chandelure;Ghost;Fire;Flash Fire;;Flame Body;60;55;90;145;90;80
609m;Mega Chandelure;Ghost;Fire;Infiltrator;;;60;75;110;175;110;90
610;Axew;Dragon;;Rivalry;;Mold Breaker;46;87;60;30;40;57
611;Fraxure;Dragon;;Rivalry;;Mold Breaker;66;117;70;40;50;67
612;Haxorus;Dragon;;Rivalry;;Mold Breaker;76;147;90;60;70;97
613;Cubchoo;Ice;;Snow Cloak;;Slush Rush;55;70;40;60;40;40
614;Beartic;Ice;;Snow Cloak;;Slush Rush;95;130;80;70;80;50
615;Cryogonal;Ice;;Levitate;;;80;50;50;95;135;105
616;Shelmet;Bug;;Hydration;;Shell Armor;50;40;85;40;65;25
617;Accelgor;Bug;;Hydration;;Sticky Hold;80;70;40;100;60;145
618;Stunfisk;Ground;Electric;Static;;Limber;109;66;84;81;99;32
618g;Galarian Stunfisk;Ground;Steel;Mimicry;;;109;81;99;66;84;32
619;Mienfoo;Fighting;;Inner Focus;;Regenerator;45;85;50;55;50;65
620;Mienshao;Fighting;;Inner Focus;;Regenerator;65;125;60;95;60;105
621;Druddigon;Dragon;;Rough Skin;;Sheer Force;77;120;90;60;90;48
622;Golett;Ground;Ghost;Iron Fist;;Klutz;59;74;50;35;50;35
623;Golurk;Ground;Ghost;Iron Fist;;Klutz;89;124;80;55;80;55
623m;Mega Golurk;Ground;Ghost;Unseen Fist;;;89;159;105;70;105;55
624;Pawniard;Dark;Steel;Defiant;;Inner Focus;45;85;70;40;40;60
625;Bisharp;Dark;Steel;Defiant;;Inner Focus;65;125;100;60;70;70
626;Bouffalant;Normal;;Reckless;;Sap Sipper;95;110;95;40;95;55
627;Rufflet;Normal;Flying;Keen Eye;;Sheer Force;70;83;50;37;50;60
628;Braviary;Normal;Flying;Keen Eye;;Sheer Force;100;123;75;57;75;80
628h;Hisuian Bravary;Psychic;Flying;Keen Eye;;Sheer Force;110;83;70;112;70;65
629;Vullaby;Dark;Flying;Big Pecks;;Overcoat;70;55;75;45;65;60
630;Mandibuzz;Dark;Flying;Big Pecks;;Overcoat;110;65;105;55;95;80
631;Heatmor;Fire;;Gluttony;;Flash Fire;85;97;66;105;66;65
632;Durant;Bug;Steel;Swarm;;Hustle;58;109;112;48;48;109
633;Deino;Dark;Dragon;Hustle;;;52;65;50;45;50;38
634;Zweilous;Dark;Dragon;Hustle;;;72;85;70;65;70;58
635;Hydreigon;Dark;Dragon;Levitate;;;92;105;90;125;90;98
636;Larvesta;Bug;Fire;Flame Body;;Swarm;55;85;55;50;55;60
637;Volcarona;Bug;Fire;Flame Body;;Swarm;85;60;65;135;105;100
638;Cobalion;Steel;Fighting;Justified;;;91;90;129;90;72;108
639;Terrakion;Rock;Fighting;Justified;;;91;129;90;72;90;108
640;Virizion;Grass;Fighting;Justified;;;91;90;72;90;129;108
641i;Tornadus Incarnate;Flying;;Prankster;;;79;115;70;125;80;111
641t;Tornadus Therian;Flying;;Regenerator;;;79;100;80;110;90;121
642i;Thundurus Incarnate;Electric;Flying;Prankster;;;79;115;70;125;80;111
642t;Thundurus Therian;Electric;Flying;Volt Absorb;;;79;105;70;145;80;101
643;Reshiram;Dragon;Fire;Turboblaze;;;100;120;100;150;120;90
644;Zekrom;Dragon;Electric;Teravolt;;;100;150;120;120;100;90
645i;Landorus Incarnate;Ground;Flying;Sand Force;;;89;125;90;115;80;101
645t;Landorus Therian;Ground;Flying;Intimidate;;;89;145;90;105;80;91
646;Kyurem;Dragon;Ice;Pressure;;;125;130;90;130;90;95
646w;White Kyurem;Dragon;Ice;Turboblaze;;;125;120;90;170;100;95
646b;Black Kyurem;Dragon;Ice;Teravolt;;;125;170;100;120;90;95
647;Keldeo;Water;Fighting;Justified;;;91;72;90;129;90;108
647r;Keldeo Resolute Form;Water;Fighting;Justified;;;91;72;90;129;90;108
648a;Meloetta Aria Form;Normal;Psychic;Serene Grace;;;100;77;77;128;128;90
648p;Meloetta Pirouette Form;Normal;Fighting;Serene Grace;;;100;128;90;77;77;128
649;Genesect;Bug;Steel;Download;;;71;120;95;120;95;99
650;Chespin;Grass;;Overgrow;;Bulletproof;56;61;65;48;45;38
651;Quilladin;Grass;;Overgrow;;Bulletproof;61;78;95;56;58;57
652;Chesnaught;Grass;Fighting;Overgrow;;Bulletproof;88;107;122;74;75;64
652m;Mega Chesnaught;Grass;Fighting;Bulletproof;;;88;137;172;74;115;44
653;Fennekin;Fire;;Blaze;;Magician;40;45;40;62;60;60
654;Braixen;Fire;;Blaze;;Magician;59;59;58;90;70;73
655;Delphox;Fire;Psychic;Blaze;;Magician;75;69;72;114;100;104
655m;Mega Delphox;Fire;Psychic;Levitate;;;75;69;72;159;125;134
656;Froakie;Water;;Torrent;;Protean;41;56;40;62;44;71
657;Frogadier;Water;;Torrent;;Protean;54;63;52;83;56;97
658;Greninja;Water;Dark;Torrent;;Protean;72;95;67;103;71;122
658m;Mega Greninja;Water;Dark;Protean;;;72;125;77;133;81;142
659;Bunnelby;Normal;;Pickup;;Cheek Pouch;38;36;38;32;36;57
660;Diggersby;Normal;Ground;Pickup;;Cheek Pouch;85;56;77;50;77;78
661;Fletchling;Normal;Flying;Big Pecks;;Gale Wings;45;50;43;40;38;62
662;Fletchinder;Fire;Flying;Flame Body;;Gale Wings;62;73;55;56;52;84
663;Talonflame;Fire;Flying;Flame Body;;Gale Wings;78;81;71;74;69;126
664;Scatterbug;Bug;;Shield Dust;;Compound Eyes;38;35;40;27;25;35
665;Spewpa;Bug;;Shed Skin;;Friend Guard;45;22;60;27;30;29
666;Vivillon;Bug;Flying;Shield Dust;;Compound Eyes;80;52;50;90;50;89
667;Litleo;Fire;Normal;Rivalry;;Unnerve;62;50;58;73;54;72
668;Pyroar;Fire;Normal;Rivalry;;Unnerve;86;68;72;109;66;106
668;Mega Pyroar;Normal;Fire;;;;86;88;92;129;86;126
669;Flabébé;Fairy;;Flower Veil;;Symbiosis;44;38;39;61;79;42
670;Floette;Fairy;;Flower Veil;;Symbiosis;54;45;47;75;98;52
970e;Floette Eternal Flower;Fairy;;Flower Veil;;;74;65;67;125;128;92
670;Mega Floette;Fairy;;Fairy Aura;;;74;85;87;155;148;102
671;Florges;Fairy;;Flower Veil;;Symbiosis;78;65;68;112;154;75
672;Skiddo;Grass;;Sap Sipper;;Grass Pelt;66;65;48;62;57;52
673;Gogoat;Grass;;Sap Sipper;;Grass Pelt;123;100;62;97;81;68
674;Pancham;Fighting;;Iron Fist;;Mold Breaker;67;82;62;46;48;43
675;Pangoro;Fighting;Dark;Iron Fist;;Mold Breaker;95;124;78;69;71;58
676;Furfrou;Normal;;Fur Coat;;;75;80;60;65;90;102
677;Espurr;Psychic;;Keen Eye;;Infiltrator;62;48;54;63;60;68
678h;Meowstic Male;Psychic;;Keen Eye;;Infiltrator;74;48;76;83;81;104
678f;Meowstic Female;Psychic;;Keen Eye;;Infiltrator;74;48;76;83;81;104
678m;Mega Meowstic;Psychic;;Trace;;;74;48;76;143;101;124
679;Honedge;Steel;Ghost;No Guard;;;45;80;100;35;37;28
680;Doublade;Steel;Ghost;No Guard;;;59;110;150;45;49;35
681s;Aegislash Shield;Steel;Ghost;Stance Change;;;60;50;140;50;140;60
681b;Aegislash Blade;Steel;Ghost;Stance Change;;;60;140;50;140;50;60
682;Spritzee;Fairy;;Healer;;Aroma Veil;78;52;60;63;65;23
683;Aromatisse;Fairy;;Healer;;Aroma Veil;101;72;72;99;89;29
684;Swirlix;Fairy;;Sweet Veil;;Unburden;62;48;66;59;57;49
685;Slurpuff;Fairy;;Sweet Veil;;Unburden;82;80;86;85;75;72
686;Inkay;Dark;Psychic;Contrary;;Suction Cups;53;54;53;37;46;45
687;Malamar;Dark;Psychic;Contrary;;Suction Cups;86;92;88;68;75;73
687m;Mega Malamar;Dark;Psychic;;;;86;102;88;98;120;88
688;Binacle;Rock;Water;Sniper;;Tough Claws;42;52;67;39;56;50
689;Barbaracle;Rock;Water;Sniper;;Tough Claws;72;105;115;54;86;68
689m;Mega Barbaracle;Rock;Fighting;;;;72;140;130;64;106;88
690;Skrelp;Poison;Water;Poison Point;;Poison Touch;50;60;60;60;60;30
691;Dragalge;Poison;Dragon;Poison Point;;Poison Touch;65;75;90;97;123;44
691m;Mega Dragalge;Poison;Dragon;;;;65;85;105;132;163;44
692;Clauncher;Water;;Mega Launcher;;;50;53;62;58;63;44
693;Clawitzer;Water;;Mega Launcher;;;71;73;88;120;89;59
694;Helioptile;Electric;Normal;Dry Skin;;Sand Veil;44;38;33;61;43;70
695;Heliolisk;Electric;Normal;Dry Skin;;Sand Veil;62;55;52;109;94;109
696;Tyrunt;Rock;Dragon;Strong Jaw;;Sturdy;58;89;77;45;45;48
697;Tyrantrum;Rock;Dragon;Strong Jaw;;Rock Head;82;121;119;69;59;71
698;Amaura;Rock;Ice;Refrigerate;;Snow Warning;77;59;50;67;63;46
699;Aurorus;Rock;Ice;Refrigerate;;Snow Warning;123;77;72;99;92;58
700;Sylveon;Fairy;;Cute Charm;;Pixilate;95;65;65;110;130;60
701;Hawlucha;Fighting;Flying;Limber;;Unburden;78;92;75;74;63;118
701;Mega Hawlucha;Fighting;Flying;No Guard;;;78;137;100;74;93;118
702;Dedenne;Electric;Fairy;Cheek Pouch;;Pickup;67;58;57;81;67;101
703;Carbink;Rock;Fairy;Clear Body;;Sturdy;50;50;150;50;150;50
704;Goomy;Dragon;;Sap Sipper;;Hydration;45;50;35;55;75;40
705;Sliggoo;Dragon;;Sap Sipper;;Hydration;68;75;53;83;113;60
705h;Hisuian Sligoo;Steel;Dragon;Sap Sipper;;Shell Armor;58;75;83;83;113;40
706;Goodra;Dragon;;Sap Sipper;;Hydration;90;100;70;110;150;80
706h;Hisuian Goodra;Steel;Dragon;Sap Sipper;;Shell Armor;80;100;100;110;150;60
707;Klefki;Steel;Fairy;Prankster;;Magician;57;80;91;80;87;75
708;Phantump;Ghost;Grass;Natural Cure;;Frisk;43;70;48;50;60;38
709;Trevenant;Ghost;Grass;Natural Cure;;Frisk;85;110;76;65;82;56
710;Pumpkaboo Average;Ghost;Grass;Pickup;;Frisk;49;66;70;44;55;51
710s;Pumpkaboo Small;Ghost;Grass;Pickup;;Frisk;44;66;70;44;55;56
710l;Pumpkaboo Large;Ghost;Grass;Pickup;;Frisk;54;66;70;44;55;46
710xl;Pumpkaboo Super;Ghost;Grass;Pickup;;Frisk;59;66;70;44;55;41
711;Gourgeist Average;Ghost;Grass;Pickup;;Frisk;65;90;122;58;75;84
711s;Gourgeist Small;Ghost;Grass;Pickup;;Frisk;55;85;122;58;75;99
711l;Gourgeist Large;Ghost;Grass;Pickup;;Frisk;75;95;122;58;75;69
711xl;Gourgeist Super;Ghost;Grass;Pickup;;Frisk;85;100;122;58;75;54
712;Bergmite;Ice;;Own Tempo;;Ice Body;55;69;85;32;35;28
713;Avalugg;Ice;;Own Tempo;;Ice Body;95;117;184;44;46;28
713h;Hisuian Avalugg;Ice;Rock;Strong Jaw;;Ice Body;95;127;184;34;36;38
714;Noibat;Flying;Dragon;Frisk;;Infiltrator;40;30;35;45;40;55
715;Noivern;Flying;Dragon;Frisk;;Infiltrator;85;70;80;97;80;123
716;Xerneas;Fairy;;Fairy Aura;;;126;131;95;131;98;99
717;Yveltal;Dark;Flying;Dark Aura;;;126;131;95;131;98;99
718l;Zygarde 50%;Dragon;Ground;Aura Break;;;108;100;121;81;95;95
718s;Zygarde 10%;Dragon;Ground;Aura Break;;Power Construct;54;100;71;61;85;115
718xl;Zygarde Complete Form;Dragon;Ground;Power Construct;;;216;100;121;91;95;85
718m;Mega Zygarde;Dragon;Ground;;;;216;70;91;216;85;100
719;Diancie;Rock;Fairy;Clear Body;;;50;100;150;100;150;50
719m;Mega Diancie;Rock;Fairy;Magic Bounce;;;50;160;110;160;110;110
720c;Hoopa Confined;Psychic;Ghost;Magician;;;80;110;60;150;130;70
720u;Hoopa Unbound;Psychic;Dark;Magician;;;80;160;60;170;130;80
721;Volcanion;Fire;Water;Water Absorb;;;80;110;120;130;90;70
722;Rowlet;Grass;Flying;Overgrow;;Long Reach;68;55;55;50;50;42
723;Dartrix;Grass;Flying;Overgrow;;Long Reach;78;75;75;70;70;52
724;Decidueye;Grass;Ghost;Overgrow;;Long Reach;78;107;75;100;100;70
724h;Hisuian Decidueye;Grass;Fighting;Overgrow;;;88;112;80;95;95;60
725;Litten;Fire;;Blaze;;Intimidate;45;65;40;60;40;70
726;Torracat;Fire;;Blaze;;Intimidate;65;85;50;80;50;90
727;Incineroar;Fire;Dark;Blaze;;Intimidate;95;115;90;80;90;60
728;Popplio;Water;;Torrent;;Liquid Voice;50;54;54;66;56;40
729;Brionne;Water;;Torrent;;Liquid Voice;60;69;69;91;81;50
730;Primarina;Water;Fairy;Torrent;;Liquid Voice;80;74;74;126;116;60
731;Pikipek;Normal;Flying;Keen Eye;;Skill Link;35;75;30;30;30;65
732;Trumbeak;Normal;Flying;Keen Eye;;Skill Link;55;85;50;40;50;75
733;Toucannon;Normal;Flying;Keen Eye;;Skill Link;80;120;75;75;75;60
734;Yungoos;Normal;;Strong Jaw;;Stakeout;48;70;30;30;30;45
735;Gumshoos;Normal;;Strong Jaw;;Stakeout;88;110;60;55;60;45
736;Grubbin;Bug;;Swarm;;;47;62;45;55;45;46
737;Charjabug;Bug;Electric;Battery;;;57;82;95;55;75;36
738;Vikavolt;Bug;Electric;Levitate;;;77;70;90;145;75;43
739;Crabrawler;Fighting;;Hyper Cutter;;Iron Fist;47;82;57;42;47;63
740;Crabominable;Fighting;Ice;Hyper Cutter;;Iron Fist;97;132;77;62;67;43
740m;Mega Crabominable;Fighting;Ice;Iron Fist;;;97;157;122;62;107;33
741b;Oricorio Baile Style;Fire;Flying;Dancer;;;75;70;70;98;70;93
741pp;Oricorio Pom-Pom Style;Electric;Flying;Dancer;;;75;70;70;98;70;93
741p;Oricorio Pa'u Style;Psychic;Flying;Dancer;;;75;70;70;98;70;93
741s;Oricorio Sensu Style;Ghost;Flying;Dancer;;;75;70;70;98;70;93
742;Cutiefly;Bug;Fairy;Honey Gather;;Shield Dust;40;45;40;55;40;84
743;Ribombee;Bug;Fairy;Honey Gather;;Shield Dust;60;55;60;95;70;124
744;Rockruff;Rock;;Keen Eye;;Vital Spirit;45;65;40;30;40;60
745;Lycanroc Dusk Form;Rock;;Tough Claws;;;75;117;65;55;65;110
745d;Lycanroc Midday Form;Rock;;Keen Eye;;Sand Rush;75;115;65;55;65;112
745n;Lycanroc Midnight Form;Rock;;Keen Eye;;Vital Spirit;85;115;75;55;75;82
746;Wishiwashi;Water;;Schooling;;;45;20;20;25;25;40
746s;Wishiwashi School Form;Water;;Schooling;;;45;140;130;140;135;30
747;Mareanie;Poison;Water;Merciless;;Limber;50;53;62;43;52;45
748;Toxapex;Poison;Water;Merciless;;Limber;50;63;152;53;142;35
749;Mudbray;Ground;;Own Tempo;;Stamina;70;100;70;45;55;45
750;Mudsdale;Ground;;Own Tempo;;Stamina;100;125;100;55;85;35
751;Dewpider;Water;Bug;Water Bubble;;Water Absorb;38;40;52;40;72;27
752;Araquanid;Water;Bug;Water Bubble;;Water Absorb;68;70;92;50;132;42
753;Fomantis;Grass;;Leaf Guard;;Contrary;40;55;35;50;35;35
754;Lurantis;Grass;;Leaf Guard;;Contrary;70;105;90;80;90;45
755;Morelull;Grass;Fairy;Illuminate;;Effect Spore;40;35;55;65;75;15
756;Shiinotic;Grass;Fairy;Illuminate;;Effect Spore;60;45;80;90;100;30
757;Salandit;Poison;Fire;Corrosion;;Oblivious;48;44;40;71;40;77
758;Salazzle;Poison;Fire;Corrosion;;Oblivious;68;64;60;111;60;117
759;Stufful;Normal;Fighting;Fluffy;;Klutz;70;75;50;45;50;50
760;Bewear;Normal;Fighting;Fluffy;;Klutz;120;125;80;55;60;60
761;Bounsweet;Grass;;Leaf Guard;;Oblivious;42;30;38;30;38;32
762;Steenee;Grass;;Leaf Guard;;Oblivious;52;40;48;40;48;62
763;Tsareena;Grass;;Leaf Guard;;Queenly Majesty;72;120;98;50;98;72
764;Comfey;Fairy;;Flower Veil;;Triage;51;52;90;82;110;100
765;Oranguru;Normal;Psychic;Inner Focus;;Telepathy;90;60;80;90;110;60
766;Passimian;Fighting;;Receiver;;Defiant;100;120;90;40;60;80
767;Wimpod;Bug;Water;Wimp Out;;;25;35;40;20;30;80
768;Golisopod;Bug;Water;Emergency Exit;;;75;125;140;60;90;40
768m;Mega Golisopod;Bug;Steel;;;;75;150;175;70;120;40
769;Sandygast;Ghost;Ground;Water Compaction;;Sand Veil;55;55;80;70;45;15
770;Palossand;Ghost;Ground;Water Compaction;;Sand Veil;85;75;110;100;75;35
771;Pyukumuku;Water;;Innards Out;;Unaware;55;60;130;30;130;5
772;Type: Null;Normal;;Battle Armor;;;95;95;95;95;95;59
773;Silvally;Normal;;RKS System;;;95;95;95;95;95;95
909;Minior Meteor Form;Rock;Flying;Shields Down;;;60;60;100;60;100;60
910;Minior Core Form;Rock;Flying;Shields Down;;;60;100;60;100;60;120
775;Komala;Normal;;Comatose;;;65;115;65;75;95;65
776;Turtonator;Fire;Dragon;Shell Armor;;;60;78;135;91;85;36
777;Togedemaru;Electric;Steel;Iron Barbs;;Lightning Rod;65;98;63;40;73;96
778;Mimikyu;Ghost;Fairy;Disguise;;;55;90;80;50;105;96
779;Bruxish;Water;Psychic;Dazzling;;Strong Jaw;68;105;70;70;70;92
780;Drampa;Normal;Dragon;Berserk;;Sap Sipper;78;60;85;135;91;36
780m;Mega Drampa;Normal;Dragon;Berserk;;;78;85;110;160;116;36
781;Dhelmise;Ghost;Grass;Steelworker;;;70;131;100;86;90;40
782;Jangmo-o;Dragon;;Bulletproof;;Soundproof;45;55;65;45;45;45
783;Hakamo-o;Dragon;Fighting;Bulletproof;;Soundproof;55;75;90;65;70;65
784;Kommo-o;Dragon;Fighting;Bulletproof;;Soundproof;75;110;125;100;105;85
785;Tapu Koko;Electric;Fairy;Electric Surge;;Telepathy;70;115;85;95;75;130
786;Tapu Lele;Psychic;Fairy;Psychic Surge;;Telepathy;70;85;75;130;115;95
787;Tapu Bulu;Grass;Fairy;Grassy Surge;;Telepathy;70;130;115;85;95;75
788;Tapu Fini;Water;Fairy;Misty Surge;;Telepathy;70;75;115;95;130;85
789;Cosmog;Psychic;;Unaware;;;43;29;31;29;31;37
790;Cosmoem;Psychic;;Sturdy;;;43;29;131;29;131;37
791;Solgaleo;Psychic;Steel;Full Metal Body;;;137;137;107;113;89;97
792;Lunala;Psychic;Ghost;Shadow Shield;;;137;113;89;137;107;97
793;Nihilego;Rock;Poison;Beast Boost;;;109;53;47;127;131;103
794;Buzzwole;Bug;Fighting;Beast Boost;;;107;139;139;53;53;79
795;Pheromosa;Bug;Fighting;Beast Boost;;;71;137;37;137;37;151
796;Xurkitree;Electric;;Beast Boost;;;83;89;71;173;71;83
797;Celesteela;Steel;Flying;Beast Boost;;;97;101;103;107;101;61
798;Kartana;Grass;Steel;Beast Boost;;;59;181;131;59;31;109
799;Guzzlord;Dark;Dragon;Beast Boost;;;223;101;53;97;53;43
800;Necrozma;Psychic;;Prism Armor;;;97;107;101;127;89;79
800m;Dusk Mane Necrozma;Psychic;Steel;Prism Armor;;;97;157;127;113;109;77
800w;Dawn Wings Necrozma;Psychic;Ghost;Prism Armor;;;97;113;109;157;127;77
800u;Ultra Necrozma;Psychic;Dragon;Neuroforce;;;97;167;97;167;97;129
801;Magearna;Steel;Fairy;Soul-Heart;;;80;95;115;130;115;65
801m;Mega Magearna;Steel;Fairy;;;;80;125;115;170;115;95
802;Marshadow;Fighting;Ghost;Technician;;;90;125;80;90;90;125
803;Poipole;Poison;;Beast Boost;;;67;73;67;73;67;73
804;Naganadel;Poison;Dragon;Beast Boost;;;73;73;73;127;73;121
805;Stakataka;Rock;Steel;Beast Boost;;;61;131;211;53;101;13
806;Blacephalon;Fire;Ghost;Beast Boost;;;53;127;53;151;79;107
807;Zeraora;Electric;;Volt Absorb;;;88;112;75;102;80;143
807m;Mega Zeraora;Electric;;;;;88;157;75;147;80;153
808;Meltan;Steel;;Magnet Pull;;;46;65;65;55;35;34
809;Melmetal;Steel;;Iron Fist;;;135;143;143;80;65;34
810;Grookey;Grass;;Overgrow;;Grassy Surge;50;65;50;40;40;65
811;Thwackey;Grass;;Overgrow;;Grassy Surge;70;85;70;55;60;80
812;Rillaboom;Grass;;Overgrow;;Grassy Surge;100;125;90;60;70;85
813;Scorbunny;Fire;;Blaze;;Libero;50;71;40;40;40;69
814;Raboot;Fire;;Blaze;;Libero;65;86;60;55;60;94
815;Cinderace;Fire;;Blaze;;Libero;80;116;75;65;75;119
816;Sobble;Water;;Torrent;;Sniper;50;40;40;70;40;70
817;Drizzile;Water;;Torrent;;Sniper;65;60;55;95;55;90
818;Inteleon;Water;;Torrent;;Sniper;70;85;65;125;65;120
819;Skwovet;Normal;;Cheek Pouch;;Gluttony;70;55;55;35;35;25
820;Greedent;Normal;;Cheek Pouch;;Gluttony;120;95;95;55;75;20
821;Rookidee;Flying;;Keen Eye;;Unnerve;38;47;35;33;35;57
822;Corvisquire;Flying;;Keen Eye;;Unnerve;68;67;55;43;55;77
823;Corviknight;Flying;Steel;Pressure;;Unnerve;98;87;105;53;85;67
824;Blipbug;Bug;;Swarm;;Compound Eyes;25;20;20;25;45;45
825;Dottler;Bug;Psychic;Swarm;;Compound Eyes;50;35;80;50;90;30
826;Orbeetle;Bug;Psychic;Swarm;;Frisk;60;45;110;80;120;90
827;Nickit;Dark;;Run Away;;Unburden;40;28;28;47;52;50
828;Thievul;Dark;;Run Away;;Unburden;70;58;58;87;92;90
829;Gossifleur;Grass;;Cotton Down;;Regenerator;40;40;60;40;60;10
830;Eldegoss;Grass;;Cotton Down;;Regenerator;60;50;90;80;120;60
831;Wooloo;Normal;;Fluffy;;Run Away;42;40;55;40;45;48
832;Dubwool;Normal;;Fluffy;;Steadfast;72;80;100;60;90;88
833;Chewtle;Water;;Strong Jaw;;Shell Armor;50;64;50;38;38;44
834;Drednaw;Water;Rock;Strong Jaw;;Shell Armor;90;115;90;48;68;74
835;Yamper;Electric;;Ball Fetch;;Rattled;59;45;50;40;50;26
836;Boltund;Electric;;Strong Jaw;;Competitive;69;90;60;90;60;121
837;Rolycoly;Rock;;Steam Engine;;Heatproof;30;40;50;40;50;30
838;Carkol;Rock;Fire;Steam Engine;;Flame Body;80;60;90;60;70;50
839;Coalossal;Rock;Fire;Steam Engine;;Flame Body;110;80;120;80;90;30
840;Applin;Grass;Dragon;Ripen;;Gluttony;40;40;80;40;40;20
841;Flapple;Grass;Dragon;Ripen;;Gluttony;70;110;80;95;60;70
842;Appletun;Grass;Dragon;Ripen;;Gluttony;110;85;80;100;80;30
843;Silicobra;Ground;;Sand Spit;;Shed Skin;52;57;75;35;50;46
844;Sandaconda;Ground;;Sand Spit;;Shed Skin;72;107;125;65;70;71
845;Cramorant;Flying;Water;Gulp Missile;;;70;85;55;85;95;85
846;Arrokuda;Water;;Swift Swim;;Propeller Tail;41;63;40;40;30;66
847;Barraskewda;Water;;Swift Swim;;Propeller Tail;61;123;60;60;50;136
848;Toxel;Electric;Poison;Rattled;;Static;40;38;35;54;35;40
849;Toxtricity;Electric;Poison;Punk Rock;;Plus;75;98;70;114;70;75
850;Sizzlipede;Fire;Bug;Flash Fire;;White Smoke;50;65;45;50;50;45
851;Centiskorch;Fire;Bug;Flash Fire;;White Smoke;100;115;65;90;90;65
852;Clobbopus;Fighting;;Limber;;Technician;50;68;60;50;50;32
853;Grapploct;Fighting;;Limber;;Technician;80;118;90;70;80;42
854;Sinistea;Ghost;;Weak Armor;;Cursed Body;40;45;45;74;54;50
855;Polteageist;Ghost;;Weak Armor;;Cursed Body;60;65;65;134;114;70
856;Hatenna;Psychic;;Healer;;Anticipation;42;30;45;56;53;39
857;Hattrem;Psychic;;Healer;;Anticipation;57;40;65;86;73;49
858;Hatterene;Psychic;Fairy;Healer;;Anticipation;57;90;95;136;103;29
859;Impidimp;Dark;Fairy;Prankster;;Frisk;45;45;30;55;40;50
860;Morgrem;Dark;Fairy;Prankster;;Frisk;65;60;45;75;55;70
861;Grimmsnarl;Dark;Fairy;Prankster;;Frisk;95;120;65;95;75;60
862;Obstagoon;Dark;Normal;Reckless;;Guts;93;90;101;60;81;95
863;Perrserker;Steel;;Battle Armor;;Tough Claws;70;110;100;50;60;50
864;Cursola;Ghost;;Weak Armor;;Perish Body;60;95;50;145;130;30
865;Sirfetch'd;Fighting;;Steadfast;;Scrappy;62;135;95;68;82;65
866;Mr. Rime;Ice;Psychic;Tangled Feet;;Screen Cleaner;80;85;75;110;100;70
867;Runerigus;Ground;Ghost;Wandering Spirit;;;58;95;145;50;105;30
868;Milcery;Fairy;;Sweet Veil;;Aroma Veil;45;40;40;50;61;34
869;Alcremie;Fairy;;Sweet Veil;;Aroma Veil;65;60;75;110;121;64
870;Falinks;Fighting;;Battle Armor;;Defiant;65;100;100;70;60;75
870m;Mega Falinks;Fighting;;;;;65;135;135;70;65;100
871;Pincurchin;Electric;;Lightning Rod;;Electric Surge;48;101;95;91;85;15
872;Snom;Ice;Bug;Shield Dust;;Ice Scales;30;25;35;45;30;20
873;Frosmoth;Ice;Bug;Shield Dust;;Ice Scales;70;65;60;125;90;65
874;Stonjourner;Rock;;Power Spot;;;100;125;135;20;20;70
875;Eiscue;Ice;;Ice Face;;;75;80;110;65;90;50
875n;Eiscue Noice Face;Ice;;Ice Face;;;75;80;70;65;50;130
876m;Indeedee Male;Psychic;Normal;Inner Focus;;Synchronize;60;65;55;105;95;95
876f;Indeedee Female;Psychic;Normal;Own Tempo;;Synchronize;70;55;65;95;105;85
877;Morpeko;Electric;Dark;Hunger Switch;;;58;95;58;70;58;97
878;Cufant;Steel;;Sheer Force;;Heavy Metal;72;80;49;40;49;40
879;Copperajah;Steel;;Sheer Force;;Heavy Metal;122;130;69;80;69;30
880;Dracozolt;Electric;Dragon;Volt Absorb;;Hustle;90;100;90;80;70;75
881;Arctozolt;Electric;Ice;Volt Absorb;;Static;90;100;90;90;80;55
882;Dracovish;Water;Dragon;Water Absorb;;Strong Jaw;90;90;100;70;80;75
883;Arctovish;Water;Ice;Water Absorb;;Ice Body;90;90;100;80;90;55
884;Duraludon;Steel;Dragon;Light Metal;;Heavy Metal;70;95;115;120;50;85
885;Dreepy;Dragon;Ghost;Clear Body;;Infiltrator;28;60;30;40;30;82
886;Drakloak;Dragon;Ghost;Clear Body;;Infiltrator;68;80;50;60;50;102
887;Dragapult;Dragon;Ghost;Clear Body;;Infiltrator;88;120;75;100;75;142
888c;Zacian Crowned;Fairy;Steel;Intrepid Sword;;;92;170;115;80;115;148
888h;Zacian Hero;Fairy;;Intrepid Sword;;;92;130;115;80;115;138
889c;Zamazenta Crowned;Fighting;Steel;Dauntless Shield;;;92;130;145;80;145;128
888h;Zamazenta Hero;Fighting;;Dauntless Shield;;;92;130;115;80;115;138
890;Eternatus;Poison;Dragon;Pressure;;;140;85;95;145;95;130
890e;Eternatus Eternamax;Poison;Dragon;Pressure;;;255;115;250;125;250;130
891;Kubfu;Fighting;;Inner Focus;;;60;90;60;53;50;72
891s;Urshifu Single Strike;Fighting;Dark;Unseen Fist;;;100;130;100;63;60;97
891r;Urshifu Rapid Strike;Fighting;Water;Unseen Fist;;;100;130;100;63;60;97
893;Zarude;Dark;Grass;Leaf Guard;;;105;120;105;70;95;105
894;Regieleki;Electric;;Transistor;;;80;100;50;100;50;200
895;Regidrago;Dragon;;Dragon's Maw;;;200;100;50;100;50;80
896;Glastrier;Ice;;Chilling Neigh;;;100;145;130;65;110;30
897;Spectrier;Ghost;;Grim Neigh;;;100;65;60;145;80;130
898;Calyrex;Psychic;Grass;Unnerve;;;100;80;80;80;80;80
898i;Calyrex Ice Ryder;Psychic;Ice;As One (Ice Rider);;;100;165;150;85;130;50
898s;Calyrex Shadow Ryder;Psychic;Ghost;As One (Shadow Rider);;;100;85;80;165;100;150
899;Wyrdeer;Normal;Psychic;Intimidate;;Frisk;103;105;72;105;75;65
900;Kleavor;Bug;Rock;Swarm;;Sheer Force;70;135;95;45;70;85
901;Ursaluna;Ground;Normal;Guts;;Bulletproof;130;140;105;45;80;50
901b;Bloodmoon Ursaluna;Ground;Normal;Mind's Eye;;;113;70;120;135;65;52
902h;Basculegion Male;Water;Ghost;Swift Swim;;Adaptability;120;112;65;80;75;78
902f;Basculegion Female;Water;Ghost;Swift Swim;;Adaptability;120;92;65;100;75;78
903;Sneasler;Fighting;Poison;Pressure;;Unburden;80;130;60;40;80;120
904;Overqwil;Dark;Poison;Poison Point;;Swift Swim;85;115;95;65;65;85
905i;Enamorus Incarnate;Fairy;Flying;Cute Charm;;Contrary;74;115;70;135;80;106
905t;Enamorus Therian;Fairy;Flying;Overcoat;;;74;115;110;135;100;46
906;Sprigatito;Grass;;Overgrow;;Protean;40;61;54;45;45;65
907;Floragato;Grass;;Overgrow;;Protean;61;80;63;60;63;83
908;Meowscarada;Grass;Dark;Overgrow;;Protean;76;110;70;81;70;123
909;Fuecoco;Fire;;Blaze;;Unaware;67;45;59;63;40;36
910;Crocalor;Fire;;Blaze;;Unaware;81;55;78;90;58;49
911;Skeledirge;Fire;Ghost;Blaze;;Unaware;104;75;100;110;75;66
912;Quaxly;Water;;Torrent;;Moxie;55;65;45;50;45;50
913;Quaxwell;Water;;Torrent;;Moxie;70;85;65;65;60;65
914;Quaquaval;Water;Fighting;Torrent;;Moxie;85;120;80;85;75;85
915;Lechonk;Normal;;Aroma Veil;;Gluttony;54;45;40;35;45;35
916;Oinkologne;Normal;;Lingering Aroma;;Gluttony;110;100;75;59;80;65
917;Tarountula;Bug;;Insomnia;;Stakeout;35;41;45;29;40;20
918;Spidops;Bug;;Insomnia;;Stakeout;60;79;92;52;86;35
919;Nymble;Bug;;Swarm;;Tinted Lens;33;46;40;21;25;45
920;Lokix;Bug;Dark;Swarm;;Tinted Lens;71;102;78;52;55;92
921;Pawmi;Electric;;Static;;Natural Cure;45;50;20;40;25;60
922;Pawmo;Electric;Fighting;Volt Absorb;;Natural Cure;60;75;40;50;40;85
923;Pawmot;Electric;Fighting;Volt Absorb;;Natural Cure;70;115;70;70;60;105
924;Tandemaus;Normal;;Run Away;;Pickup;50;50;45;40;45;75
925;Maushold;Normal;;Friend Guard;;Cheek Pouch;74;75;70;65;75;111
926;Fidough;Fairy;;Own Tempo;;Klutz;37;55;70;30;55;65
927;Dachsbun;Fairy;;Well-Baked Body;;Aroma Veil;57;80;115;50;80;95
928;Smoliv;Grass;Normal;Early Bird;;Harvest;41;35;45;58;51;30
929;Dolliv;Grass;Normal;Early Bird;;Harvest;52;53;60;78;78;33
930;Arboliva;Grass;Normal;Seed Sower;;Harvest;78;69;90;125;109;39
931;Squawkabilly;Normal;Flying;Intimidate;;Hustle;82;96;51;45;51;92
932;Nacli;Rock;;Purifying Salt;;Sturdy;55;55;75;35;35;25
933;Naclstack;Rock;;Purifying Salt;;Sturdy;60;60;100;35;65;35
934;Garganacl;Rock;;Purifying Salt;;Sturdy;100;100;130;45;90;35
935;Charcadet;Fire;;Flash Fire;;Flame Body;40;50;40;50;40;35
936;Armarouge;Fire;Psychic;Flash Fire;;Weak Armor;85;60;100;125;80;75
937;Ceruledge;Fire;Ghost;Flash Fire;;Weak Armor;75;125;80;60;100;85
938;Tadbulb;Electric;;Own Tempo;;Static;61;31;41;59;35;45
939;Bellibolt;Electric;;Electromorphosis;;Static;109;64;91;103;83;45
940;Wattrel;Electric;Flying;Wind Power;;Volt Absorb;40;40;35;55;40;70
941;Kilowattrel;Electric;Flying;Wind Power;;Volt Absorb;70;70;60;105;60;125
942;Maschiff;Dark;;Intimidate;;Run Away;60;78;60;40;51;51
943;Mabosstiff;Dark;;Intimidate;;Guard Dog;80;120;90;60;70;85
944;Shroodle;Poison;Normal;Unburden;;Pickpocket;40;65;35;40;35;75
945;Grafaiai;Poison;Normal;Unburden;;Poison Touch;63;95;65;80;72;110
946;Bramblin;Grass;Ghost;Wind Rider;;Infiltrator;40;65;30;45;35;60
947;Brambleghast;Grass;Ghost;Wind Rider;;Infiltrator;55;115;70;80;70;90
948;Toedscool;Ground;Grass;Mycelium Might;;;40;40;35;50;100;70
949;Toedscruel;Ground;Grass;Mycelium Might;;;80;70;65;80;120;100
950;Klawf;Rock;;Anger Shell;;Shell Armor;70;100;115;35;55;75
951;Capsakid;Grass;;Chlorophyll;;Insomnia;50;62;40;62;40;50
952;Scovillain;Grass;Fire;Chlorophyll;;Insomnia;65;108;65;108;65;75
952m;Mega Scovillain;Grass;Fire;Spicy Spray;;;65;138;85;138;85;75
953;Rellor;Bug;;Compound Eyes;;Shed Skin;41;50;60;31;58;30
954;Rabsca;Bug;Psychic;Synchronize;;Telepathy;75;50;85;115;100;45
955;Flittle;Psychic;;Anticipation;;Frisk;30;35;30;55;30;75
956;Espathra;Psychic;;Opportunist;;Frisk;95;60;60;101;60;105
957;Tinkatink;Fairy;Steel;Mold Breaker;;Own Tempo;50;45;45;35;64;58
958;Tinkatuff;Fairy;Steel;Mold Breaker;;Own Tempo;65;55;55;45;82;78
959;Tinkaton;Fairy;Steel;Mold Breaker;;Own Tempo;85;75;77;70;105;94
960;Wiglett;Water;;Gooey;;Rattled;10;55;25;35;25;95
961;Wugtrio;Water;;Gooey;;Rattled;35;100;50;50;70;120
962;Bombirdier;Flying;Dark;Big Pecks;;Keen Eye;70;103;85;60;85;82
963;Finizen;Water;;Water Veil;;;70;45;40;45;40;75
964;Palafin;Water;;Zero to Hero;;;100;70;72;53;62;100
964;Palafin Hero;Water;;Zero to Hero;;;100;160;97;106;87;100
965;Varoom;Steel;Poison;Overcoat;;Slow Start;45;70;63;30;45;47
966;Revavroom;Steel;Poison;Overcoat;;Filter;80;119;90;54;67;90
967;Cyclizar;Dragon;Normal;Shed Skin;;Regenerator;70;95;65;85;65;121
968;Orthworm;Steel;;Earth Eater;;Sand Veil;70;85;145;60;55;65
969;Glimmet;Rock;Poison;Toxic Debris;;Corrosion;48;35;42;105;60;60
970;Glimmora;Rock;Poison;Toxic Debris;;Corrosion;83;55;90;130;81;86
970m;Mega Glimmora;Rock;Poison;Adaptability;;;83;90;105;150;96;101
971;Greavard;Ghost;;Pickup;;Fluffy;50;61;60;30;55;34
972;Houndstone;Ghost;;Sand Rush;;Fluffy;72;101;100;50;97;68
973;Flamigo;Flying;Fighting;Scrappy;;Tangled Feet;82;115;74;75;64;90
974;Cetoddle;Ice;;Thick Fat;;Snow Cloak;108;68;45;30;40;43
975;Cetitan;Ice;;Thick Fat;;Slush Rush;170;113;65;45;55;73
976;Veluza;Water;Psychic;Mold Breaker;;Sharpness;90;102;73;78;65;70
977;Dondozo;Water;;Unaware;;Oblivious;150;100;115;65;65;35
978;Tatsugiri;Dragon;Water;Commander;;Storm Drain;68;50;60;120;95;82
978d;Mega Tatsugiri Droopy;Dragon;Water;;;;68;65;90;135;125;92
978s;Mega Tatsugiri Stetchy;Dragon;Water;;;;68;65;90;135;125;92
978c;Mega Tatsugiri Curly;Dragon;Water;;;;68;65;90;135;125;92
979;Annihilape;Fighting;Ghost;Vital Spirit;;Inner Focus;110;115;80;50;90;90
980;Clodsire;Poison;Ground;Poison Point;;Water Absorb;130;75;60;45;100;20
981;Farigiraf;Normal;Psychic;Cud Chew;;Armor Tail;120;90;70;110;70;60
982;Dudunsparce;Normal;;Serene Grace;;Run Away;125;100;80;85;75;55
983;Kingambit;Dark;Steel;Defiant;;Supreme Overlord;100;135;120;60;85;50
984;Great Tusk;Ground;Fighting;Protosynthesis;;;115;131;131;53;53;87
985;Scream Tail;Fairy;Psychic;Protosynthesis;;;115;65;99;65;115;111
986;Brute Bonnet;Grass;Dark;Protosynthesis;;;111;127;99;79;99;55
987;Flutter Mane;Ghost;Fairy;Protosynthesis;;;55;55;55;135;135;135
988;Slither Wing;Bug;Fighting;Protosynthesis;;;85;135;79;85;105;81
989;Sandy Shocks;Electric;Ground;Protosynthesis;;;85;81;97;121;85;101
990;Iron Treads;Ground;Steel;Quark Drive;;;90;112;120;72;70;106
991;Iron Bundle;Ice;Water;Quark Drive;;;56;80;114;124;60;136
992;Iron Hands;Fighting;Electric;Quark Drive;;;154;140;108;50;68;50
993;Iron Jugulis;Dark;Flying;Quark Drive;;;94;80;86;122;80;108
994;Iron Moth;Fire;Poison;Quark Drive;;;80;70;60;140;110;110
995;Iron Thorns;Rock;Electric;Quark Drive;;;100;134;110;70;84;72
996;Frigibax;Dragon;Ice;Thermal Exchange;;Ice Body;65;75;45;35;45;55
997;Arctibax;Dragon;Ice;Thermal Exchange;;Ice Body;90;95;66;45;65;62
998;Baxcalibur;Dragon;Ice;Thermal Exchange;;Ice Body;115;145;92;75;86;87
998m;Mega Baxcalibur;Dragon;Ice;;;;115;175;117;105;101;87
999;Gimmighoul;Ghost;;Rattled;;;45;30;70;75;70;10
1000;Gholdengo;Steel;Ghost;Good as Gold;;;87;60;95;133;91;84
1001;Wo-Chien;Dark;Grass;Tablets of Ruin;;;85;85;100;95;135;70
1002;Chien-Pao;Dark;Ice;Sword of Ruin;;;80;120;80;90;65;135
1003;Ting-Lu;Dark;Ground;Vessel of Ruin;;;155;110;125;55;80;45
1004;Chi-Yu;Dark;Fire;Beads of Ruin;;;55;80;80;135;120;100
1005;Roaring Moon;Dragon;Dark;Protosynthesis;;;105;139;71;55;101;119
1006;Iron Valiant;Fairy;Fighting;Quark Drive;;;74;130;90;120;60;116
1007;Koraidon;Fighting;Dragon;Orichalcum Pulse;;;100;135;115;85;100;135
1008;Miraidon;Electric;Dragon;Hadron Engine;;;100;85;100;135;115;135
1009;Walking Wake;Water;Dragon;Protosynthesis;;;99;83;91;125;83;109
1010;Iron Leaves;Grass;Psychic;Quark Drive;;;90;130;88;70;108;104
1011;Dipplin;Grass;Dragon;Supersweet Syrup;;Gluttony;80;80;110;95;80;40
1012;Poltchageist;Grass;Ghost;Hospitality;;Heatproof;40;45;45;74;54;50
1013;Sinistcha;Grass;Ghost;Hospitality;;Heatproof;71;60;106;121;80;70
1014;Okidogi;Poison;Fighting;Toxic Chain;;Guard Dog;88;128;115;58;86;80
1015;Munkidori;Poison;Psychic;Toxic Chain;;Frisk;88;75;66;130;90;106
1016;Fezandipiti;Poison;Fairy;Toxic Chain;;Technician;88;91;82;70;125;99
1017;Ogerpon Teal Mask;Grass;;Defiant;;Embody Aspect;80;120;84;60;96;110
1017w;Ogerpon Wellspring Mask;Grass;Water;Water Absorb;;Embody Aspect;80;120;84;60;96;110
1017h;Ogerpon Heartflame Mask;Grass;Fire;Mold Breaker;;Embody Aspect;80;120;84;60;96;110
1017c;Ogerpon Cornerstone Mask;Grass;Rock;Sturdy;;Embody Aspect;80;120;84;60;96;110
1018;Archaludon;Steel;Dragon;Stamina;;Sturdy;90;105;130;125;65;85
1019;Hydrapple;Grass;Dragon;Supersweet Syrup;;Regenerator;106;80;110;120;80;44
1020;Gouging Fire;Fire;Dragon;Protosynthesis;;;105;115;121;65;93;91
1021;Raging Bolt;Electric;Dragon;Protosynthesis;;;125;73;91;137;89;75
1022;Iron Boulder;Rock;Psychic;Quark Drive;;;90;120;80;68;108;124
1023;Iron Crown;Steel;Psychic;Quark Drive;;;90;72;100;122;108;98
1024;Terapagos;Normal;;Tera Shift;;;90;65;85;65;85;60
1024t;Terapagos Terastal Form;Normal;;Tera Shell;;;95;95;110;105;110;85
1024s;Terapagos Stellar Form;Normal;;Teraform Zero;;;160;105;110;130;110;85
1025;Pecharunt;Poison;Ghost;Poison Puppeteer;;;88;88;160;88;88;88
